,CpG,Correlation,Correlation_Abs
0,cg16867657,0.7603302099469,0.7603302099469
1,cg07323488,-0.6150595397144596,0.6150595397144596
2,cg22454769,0.5963688422264253,0.5963688422264253
3,cg06784991,0.5900734868920456,0.5900734868920456
4,cg11436113,-0.5889790059920097,0.5889790059920097
5,cg19283806,-0.5861550168622489,0.5861550168622489
6,cg13552692,-0.5844383817640885,0.5844383817640885
7,cg15736994,-0.5811131430721778,0.5811131430721778
8,cg13823169,-0.5790102101450839,0.5790102101450839
9,cg17740900,-0.5787543369711589,0.5787543369711589
10,cg22156456,-0.5727207723389142,0.5727207723389142
11,cg21141726,-0.5720739048136112,0.5720739048136112
12,cg01974375,-0.5687219557177613,0.5687219557177613
13,cg14620941,-0.5665488785324213,0.5665488785324213
14,cg06639320,0.5627997668302798,0.5627997668302798
15,cg16054275,-0.56089823394277,0.56089823394277
16,cg17268658,0.5591017187411502,0.5591017187411502
17,cg17403084,-0.5589907796124899,0.5589907796124899
18,cg02402091,-0.5550592674339596,0.5550592674339596
19,cg02513379,-0.5518362631358147,0.5518362631358147
20,cg21323642,-0.5510081365204533,0.5510081365204533
21,cg11218872,-0.5494401248442926,0.5494401248442926
22,cg08097417,0.5465305956139376,0.5465305956139376
23,cg04875128,0.5410399254107148,0.5410399254107148
24,cg27099280,0.5409545708482526,0.5409545708482526
25,cg08262002,-0.5389677390887296,0.5389677390887296
26,cg21531089,-0.5370029477882305,0.5370029477882305
27,cg04640687,-0.5368848735465361,0.5368848735465361
28,cg19784428,-0.5367057174603769,0.5367057174603769
29,cg17554862,-0.5364858493149294,0.5364858493149294
30,cg17015290,-0.5336230530000107,0.5336230530000107
31,cg00067981,-0.5305323962909242,0.5305323962909242
32,cg01528542,-0.5299369950688828,0.5299369950688828
33,cg21990700,-0.5286887307653308,0.5286887307653308
34,cg16454902,-0.5279131783897244,0.5279131783897244
35,cg21572722,0.5272663498886225,0.5272663498886225
36,cg03708443,-0.5270354535920287,0.5270354535920287
37,cg07082267,-0.5270051877977696,0.5270051877977696
38,cg20249566,-0.5261062295540576,0.5261062295540576
39,cg10677886,-0.5249229398519184,0.5249229398519184
40,cg03473532,-0.5248609665638991,0.5248609665638991
41,cg12857881,-0.5224530178921545,0.5224530178921545
42,cg01649837,-0.5205325205123436,0.5205325205123436
43,cg16152924,-0.5200256489037534,0.5200256489037534
44,cg10358342,-0.5197497712071906,0.5197497712071906
45,cg07080372,-0.5194886088738042,0.5194886088738042
46,cg27037708,-0.5191026643260647,0.5191026643260647
47,cg07553761,0.5181397912070516,0.5181397912070516
48,cg12100600,-0.5175008871442515,0.5175008871442515
49,cg01820374,-0.5169418777662332,0.5169418777662332
50,cg02669012,-0.5168896450614957,0.5168896450614957
51,cg06240854,-0.5157351883936587,0.5157351883936587
52,cg18826637,-0.5151216857642377,0.5151216857642377
53,cg25371036,-0.513346243881813,0.513346243881813
54,cg11807280,-0.5129245395705496,0.5129245395705496
55,cg25994988,-0.5116005537367161,0.5116005537367161
56,cg16762684,-0.5113252786359592,0.5113252786359592
57,cg03909289,-0.5111489342862496,0.5111489342862496
58,cg08587685,-0.5107151598510348,0.5107151598510348
59,cg07504615,-0.5101664710746774,0.5101664710746774
60,cg10001186,-0.5088721870918004,0.5088721870918004
61,cg03454094,-0.5085243821131611,0.5085243821131611
62,cg05156137,-0.5084336377690312,0.5084336377690312
63,cg27438128,-0.5078345595341667,0.5078345595341667
64,cg15845821,-0.5076737960393798,0.5076737960393798
65,cg11415498,-0.5071639401500689,0.5071639401500689
66,cg18034299,-0.5063382458717925,0.5063382458717925
67,cg19159092,-0.505037776525956,0.505037776525956
68,cg25695450,-0.504570145505573,0.504570145505573
69,cg20822990,-0.503571676071166,0.503571676071166
70,cg18215449,-0.502982994433642,0.502982994433642
71,cg08446924,-0.5027161846341845,0.5027161846341845
72,cg01898573,-0.5021678518853044,0.5021678518853044
73,cg11084334,0.5018759139915351,0.5018759139915351
74,cg26544530,-0.500998234619051,0.500998234619051
75,cg03474926,-0.500787524893885,0.500787524893885
76,cg19344626,-0.5007853529397759,0.5007853529397759
77,cg20105297,-0.5006921328250203,0.5006921328250203
78,cg01234420,-0.49959500051622857,0.49959500051622857
79,cg23950157,-0.4989854846480385,0.4989854846480385
80,cg03776853,-0.49884189126270273,0.49884189126270273
81,cg07703358,-0.49856617453309643,0.49856617453309643
82,cg10987828,-0.49818880378850855,0.49818880378850855
83,cg11584042,-0.49802277372846643,0.49802277372846643
84,cg25410668,0.49790908191701994,0.49790908191701994
85,cg13208063,-0.49751453633381665,0.49751453633381665
86,cg08761208,-0.4972965138150567,0.4972965138150567
87,cg14692377,0.49722200208317563,0.49722200208317563
88,cg18645241,-0.49697988282594424,0.49697988282594424
89,cg20786223,-0.4963641560209995,0.4963641560209995
90,cg25485376,-0.4960566508824341,0.4960566508824341
91,cg17372101,-0.4957270527290176,0.4957270527290176
92,cg12211691,-0.4954617716968287,0.4954617716968287
93,cg10728282,-0.49515154916259035,0.49515154916259035
94,cg09961785,-0.49435148464101614,0.49435148464101614
95,cg09286894,-0.49423575324906444,0.49423575324906444
96,cg22747507,-0.4938630676756119,0.4938630676756119
97,cg07430714,-0.4937881733340483,0.4937881733340483
98,cg18587063,-0.493724748478325,0.493724748478325
99,cg23078123,-0.4936373343616238,0.4936373343616238
100,cg17773914,-0.4933835741593253,0.4933835741593253
101,cg12642568,-0.49330478529769506,0.49330478529769506
102,cg10501210,-0.4926694816181642,0.4926694816181642
103,cg23744638,-0.4919506471074848,0.4919506471074848
104,cg07803149,-0.49157526729851214,0.49157526729851214
105,cg09472506,-0.4906576919173668,0.4906576919173668
106,cg26153045,-0.490494566089874,0.490494566089874
107,cg18618815,-0.4904137710967678,0.4904137710967678
108,cg16032415,-0.4903493764964349,0.4903493764964349
109,cg20398091,-0.4900142173166515,0.4900142173166515
110,cg02151519,-0.48988200812217475,0.48988200812217475
111,cg06661266,-0.489878959728837,0.489878959728837
112,cg10506249,-0.48961815393468655,0.48961815393468655
113,cg15526956,-0.4891991154729513,0.4891991154729513
114,cg16614489,-0.48902730099140806,0.48902730099140806
115,cg11649376,-0.48894574318864265,0.48894574318864265
116,cg23719650,-0.48859470581724884,0.48859470581724884
117,cg22736354,0.4882983270471905,0.4882983270471905
118,cg19753867,-0.48820798981130853,0.48820798981130853
119,cg09525416,-0.4880908148833009,0.4880908148833009
120,cg26317285,-0.48807952226117335,0.48807952226117335
121,cg01329789,-0.48763240433448707,0.48763240433448707
122,cg07197831,-0.4872513816022357,0.4872513816022357
123,cg16169166,-0.48670340763353065,0.48670340763353065
124,cg08415592,-0.48660599018080586,0.48660599018080586
125,cg14556683,0.48627376715584003,0.48627376715584003
126,cg04154608,-0.4860337367431805,0.4860337367431805
127,cg11741201,-0.48562793921219866,0.48562793921219866
128,cg24087280,-0.4855749421552898,0.4855749421552898
129,cg21479515,-0.4848400220753613,0.4848400220753613
130,cg13385220,-0.4842104507814887,0.4842104507814887
131,cg22083892,-0.4838168402411873,0.4838168402411873
132,cg25694915,-0.48350855763011996,0.48350855763011996
133,cg00439658,0.4832428767624022,0.4832428767624022
134,cg12776916,-0.4832032639130757,0.4832032639130757
135,cg23565569,-0.48312048789104833,0.48312048789104833
136,cg18350024,-0.4822309425538201,0.4822309425538201
137,cg23124451,-0.4821414876220603,0.4821414876220603
138,cg26882438,-0.48125767580011464,0.48125767580011464
139,cg03387716,-0.4811786888156178,0.4811786888156178
140,cg19274761,-0.4810371757372869,0.4810371757372869
141,cg00094518,0.4808905041415353,0.4808905041415353
142,cg24964298,-0.4805594016442156,0.4805594016442156
143,cg20326388,-0.4799218561205787,0.4799218561205787
144,cg11404915,-0.4798164980293082,0.4798164980293082
145,cg17224536,-0.47966430076825745,0.47966430076825745
146,cg25533247,-0.47954531966435837,0.47954531966435837
147,cg07710094,-0.47855044266880553,0.47855044266880553
148,cg23091758,0.4780870605572929,0.4780870605572929
149,cg08176240,-0.4776889344448239,0.4776889344448239
150,cg20988565,-0.47764215270109217,0.47764215270109217
151,cg11622162,-0.47714754878817733,0.47714754878817733
152,cg27209729,-0.4764209753776198,0.4764209753776198
153,cg15934730,-0.47634399802196264,0.47634399802196264
154,cg05908398,-0.47617521972171534,0.47617521972171534
155,cg22796704,-0.4754835700233022,0.4754835700233022
156,cg12258344,-0.47540679747489717,0.47540679747489717
157,cg25249733,-0.47531186583252205,0.47531186583252205
158,cg26772387,-0.4734194394676672,0.4734194394676672
159,cg21393163,-0.47321067362148267,0.47321067362148267
160,cg17471102,-0.4730287068948322,0.4730287068948322
161,cg08997126,-0.47248134833750455,0.47248134833750455
162,cg20348829,-0.4723697702976139,0.4723697702976139
163,cg03009233,-0.47172423039716516,0.47172423039716516
164,cg05684714,-0.4708995316704031,0.4708995316704031
165,cg02707558,-0.4707438183603895,0.4707438183603895
166,cg04140556,-0.47052998739239926,0.47052998739239926
167,cg03725309,-0.4703672602896191,0.4703672602896191
168,cg00934609,-0.4702976250165389,0.4702976250165389
169,cg11667847,0.46993184128907417,0.46993184128907417
170,cg20816447,-0.46976163323697284,0.46976163323697284
171,cg26413501,-0.4693396033103613,0.4693396033103613
172,cg07211259,-0.4693082058669076,0.4693082058669076
173,cg27459131,-0.4691124717970166,0.4691124717970166
174,cg10202782,-0.46891743592037005,0.46891743592037005
175,cg11414254,-0.4689160233522024,0.4689160233522024
176,cg25428494,-0.4683900222241821,0.4683900222241821
177,cg07547549,0.4682199561576019,0.4682199561576019
178,cg22410751,-0.4681169240918863,0.4681169240918863
179,cg01594949,-0.46768872572263975,0.46768872572263975
180,cg16960758,-0.4676313295733793,0.4676313295733793
181,cg22016779,-0.4676181046382768,0.4676181046382768
182,cg15628888,0.46704952163624724,0.46704952163624724
183,cg25152756,-0.46692611066698525,0.46692611066698525
184,cg25984903,-0.466666412930072,0.466666412930072
185,cg00043673,-0.4663516712245329,0.4663516712245329
186,cg08234504,-0.46606231205004783,0.46606231205004783
187,cg26695010,-0.4660400385116993,0.4660400385116993
188,cg10386217,-0.46566855186622513,0.46566855186622513
189,cg06210197,0.46547747761093394,0.46547747761093394
190,cg08564235,-0.4654349821574744,0.4654349821574744
191,cg17569828,-0.46527239684691674,0.46527239684691674
192,cg12841266,0.4647799544545351,0.4647799544545351
193,cg02261331,-0.4645443953367969,0.4645443953367969
194,cg03764753,-0.4644684972303884,0.4644684972303884
195,cg08745595,-0.4642927662164439,0.4642927662164439
196,cg25181130,-0.4642711679362661,0.4642711679362661
197,cg18574821,-0.4642297691334441,0.4642297691334441
198,cg14381047,-0.463867567621459,0.463867567621459
199,cg04053132,-0.4634316621167215,0.4634316621167215
200,cg19628410,-0.46340773666121676,0.46340773666121676
201,cg18007249,-0.4629372792982632,0.4629372792982632
202,cg23500537,0.4628492055713294,0.4628492055713294
203,cg14792781,-0.462676112442758,0.462676112442758
204,cg19722847,-0.46259963037757434,0.46259963037757434
205,cg23382033,-0.46256366481194416,0.46256366481194416
206,cg00417826,-0.4625463302012496,0.4625463302012496
207,cg13292263,-0.4622503248007521,0.4622503248007521
208,cg19354681,-0.4622341846011378,0.4622341846011378
209,cg02729030,-0.462094432702676,0.462094432702676
210,cg13270631,-0.4620736426124971,0.4620736426124971
211,cg13538165,-0.4619665603240064,0.4619665603240064
212,cg20857689,-0.4619603061126497,0.4619603061126497
213,cg14028115,-0.46167338302426486,0.46167338302426486
214,cg24732668,-0.46144000794692636,0.46144000794692636
215,cg06874016,-0.46099032840546905,0.46099032840546905
216,cg23534245,-0.4609423862669135,0.4609423862669135
217,cg26210267,-0.46094108621090507,0.46094108621090507
218,cg19821724,-0.46093942534013105,0.46093942534013105
219,cg09312590,-0.46068746662163135,0.46068746662163135
220,cg15112910,-0.4605307853737001,0.4605307853737001
221,cg15121420,-0.4598171643413112,0.4598171643413112
222,cg09715059,-0.45970330055203906,0.45970330055203906
223,cg17229453,-0.45959046701634104,0.45959046701634104
224,cg22986597,-0.4594869426723302,0.4594869426723302
225,cg16276113,-0.45947962306221796,0.45947962306221796
226,cg20747538,-0.4594678820816672,0.4594678820816672
227,cg24466241,0.45917838315162834,0.45917838315162834
228,cg16347833,-0.45900545103635587,0.45900545103635587
229,cg21620282,0.4589336432300438,0.4589336432300438
230,cg18864002,-0.4587556827099779,0.4587556827099779
231,cg24861920,-0.4587098315813717,0.4587098315813717
232,cg12351310,-0.4584904804998464,0.4584904804998464
233,cg00748589,0.4584865538464162,0.4584865538464162
234,cg19644580,-0.45802819098005554,0.45802819098005554
235,cg25535569,-0.45800708628519643,0.45800708628519643
236,cg06308427,-0.45800581420056,0.45800581420056
237,cg17168836,-0.4575732739380171,0.4575732739380171
238,cg18627729,-0.4575221689374699,0.4575221689374699
239,cg07150387,-0.45711128937474643,0.45711128937474643
240,cg13206721,0.4569950656564974,0.4569950656564974
241,cg02650266,0.4568970575532465,0.4568970575532465
242,cg19965693,-0.4568114323036765,0.4568114323036765
243,cg05498680,-0.45680884313802006,0.45680884313802006
244,cg13528349,-0.4565758666140719,0.4565758666140719
245,cg16509239,-0.4565477033614059,0.4565477033614059
246,cg08468401,-0.4565207946261563,0.4565207946261563
247,cg13186271,-0.4564329215898637,0.4564329215898637
248,cg09149737,-0.4563821693342893,0.4563821693342893
249,cg10190416,-0.4563586573111256,0.4563586573111256
250,cg00101260,-0.45634083274735665,0.45634083274735665
251,cg19539667,-0.45612547897532596,0.45612547897532596
252,cg07568430,-0.45609435324082115,0.45609435324082115
253,cg04707338,-0.45604909222429535,0.45604909222429535
254,cg17037461,-0.45598625351655225,0.45598625351655225
255,cg17438696,-0.45590511862819405,0.45590511862819405
256,cg26612799,-0.45579524025412205,0.45579524025412205
257,cg05656900,-0.4557536215328228,0.4557536215328228
258,cg16765088,-0.4553906643836982,0.4553906643836982
259,cg03110770,-0.4553212111987406,0.4553212111987406
260,cg14379850,0.4551557596563865,0.4551557596563865
261,cg16932827,-0.45463191621093574,0.45463191621093574
262,cg08111847,-0.45407911136206097,0.45407911136206097
263,cg01867298,-0.45405411494697767,0.45405411494697767
264,cg13709487,-0.453935310148998,0.453935310148998
265,cg06175101,-0.45388461064826313,0.45388461064826313
266,cg25253065,-0.45377664993043365,0.45377664993043365
267,cg08573715,0.4537289739406579,0.4537289739406579
268,cg08670831,-0.45354916152172636,0.45354916152172636
269,cg08138505,-0.45345219089575783,0.45345219089575783
270,cg24866418,0.45319316799109816,0.45319316799109816
271,cg22112832,-0.45277823579403553,0.45277823579403553
272,cg14089516,-0.45268938763755345,0.45268938763755345
273,cg05991454,0.4524670159157047,0.4524670159157047
274,cg06400319,-0.45229896971647454,0.45229896971647454
275,cg06506328,-0.4516825116956815,0.4516825116956815
276,cg23560414,-0.4516485771628898,0.4516485771628898
277,cg19500607,-0.4514256606787854,0.4514256606787854
278,cg19929902,-0.45133647255025067,0.45133647255025067
279,cg26081188,-0.45120304240200154,0.45120304240200154
280,cg12660913,-0.45118546647231567,0.45118546647231567
281,cg20595453,-0.45111265375893567,0.45111265375893567
282,cg10163895,-0.45105495055257877,0.45105495055257877
283,cg00243364,-0.45104962397628984,0.45104962397628984
284,cg03404292,-0.4510234857270494,0.4510234857270494
285,cg25453225,-0.4509279093119474,0.4509279093119474
286,cg27447795,-0.45091683447920805,0.45091683447920805
287,cg05284887,-0.45069019768067814,0.45069019768067814
288,cg16013896,-0.45055208378540934,0.45055208378540934
289,cg14314729,-0.4504387130580661,0.4504387130580661
290,cg27192248,-0.4502553374876401,0.4502553374876401
291,cg06335143,0.4501735829953988,0.4501735829953988
292,cg16640358,-0.4501475910450095,0.4501475910450095
293,cg22116858,-0.44994776367635575,0.44994776367635575
294,cg15804973,-0.449875030295842,0.449875030295842
295,cg26350754,-0.4498383515240634,0.4498383515240634
296,cg09027699,-0.4498020902520808,0.4498020902520808
297,cg23027596,-0.4497160407846275,0.4497160407846275
298,cg00251125,-0.44967315816945097,0.44967315816945097
299,cg16541161,-0.4496663467575409,0.4496663467575409
300,cg23487414,-0.4495991609210792,0.4495991609210792
301,cg26276120,-0.44921455541006866,0.44921455541006866
302,cg07582229,-0.44895939010695163,0.44895939010695163
303,cg25865528,-0.4489343223280125,0.4489343223280125
304,cg01369611,-0.4487586716162956,0.4487586716162956
305,cg27666108,-0.44852496769214817,0.44852496769214817
306,cg18333339,-0.44824202521269274,0.44824202521269274
307,cg00891995,-0.44813552825678005,0.44813552825678005
308,cg18651026,-0.44805249736491215,0.44805249736491215
309,cg19908207,-0.4479101513750243,0.4479101513750243
310,cg04581938,-0.4475784575026642,0.4475784575026642
311,cg17472686,-0.4473978358665512,0.4473978358665512
312,cg17891166,-0.44738295312977483,0.44738295312977483
313,cg19056004,-0.44735332529740923,0.44735332529740923
314,cg11826475,-0.446936238162982,0.446936238162982
315,cg10064137,-0.4467917647069752,0.4467917647069752
316,cg12557374,-0.4467506456696716,0.4467506456696716
317,cg22483030,-0.4466575361878674,0.4466575361878674
318,cg16476710,-0.44648558694930346,0.44648558694930346
319,cg13224253,-0.4463710111432314,0.4463710111432314
320,cg17457912,-0.4462784604527388,0.4462784604527388
321,cg19453093,-0.4462694171684407,0.4462694171684407
322,cg14624096,-0.44623217900906803,0.44623217900906803
323,cg06885782,-0.4461887903561664,0.4461887903561664
324,cg12261786,-0.4461682238504836,0.4461682238504836
325,cg01243823,-0.4459356912189441,0.4459356912189441
326,cg24868150,-0.4459293247892211,0.4459293247892211
327,cg04873577,-0.44567541038920433,0.44567541038920433
328,cg08090640,-0.4456547739540967,0.4456547739540967
329,cg07568841,-0.4456208852042835,0.4456208852042835
330,cg11299543,-0.445565727867591,0.445565727867591
331,cg15307593,-0.4455435299869622,0.4455435299869622
332,cg14523380,-0.44547443986316365,0.44547443986316365
333,cg15519382,-0.44539840967166255,0.44539840967166255
334,cg18635497,-0.44535335125319564,0.44535335125319564
335,cg20758171,-0.4453518726779862,0.4453518726779862
336,cg17672958,-0.44513236901477804,0.44513236901477804
337,cg11866756,-0.4450479343257488,0.4450479343257488
338,cg24711336,-0.44501886791804013,0.44501886791804013
339,cg03039990,-0.44497605425791603,0.44497605425791603
340,cg19118660,-0.4445634262389589,0.4445634262389589
341,cg01063461,-0.4443937732480511,0.4443937732480511
342,cg22231062,-0.44434194901912616,0.44434194901912616
343,cg20813374,-0.44433731577122026,0.44433731577122026
344,cg14777258,-0.4443272264232835,0.4443272264232835
345,cg15728320,-0.44427985044126234,0.44427985044126234
346,cg18091225,-0.4442100877893198,0.4442100877893198
347,cg16324669,0.4441631822005339,0.4441631822005339
348,cg26685941,-0.44412227976707164,0.44412227976707164
349,cg08261831,-0.4440097975740686,0.4440097975740686
350,cg03650729,-0.44397535380027425,0.44397535380027425
351,cg00329615,-0.4435991954831152,0.4435991954831152
352,cg18898125,0.4435067039363576,0.4435067039363576
353,cg22512670,-0.4434802862080112,0.4434802862080112
354,cg24724428,0.4433623261741527,0.4433623261741527
355,cg05078438,-0.443282317112251,0.443282317112251
356,cg25914821,-0.44304432815945327,0.44304432815945327
357,cg20542798,-0.44296659866080246,0.44296659866080246
358,cg14943847,-0.44291992055474466,0.44291992055474466
359,cg00046877,-0.44263939609376324,0.44263939609376324
360,cg08790320,-0.44253313389835536,0.44253313389835536
361,cg04252852,-0.44242013396428614,0.44242013396428614
362,cg07231451,0.4424055034569346,0.4424055034569346
363,cg25940196,-0.44224649912302877,0.44224649912302877
364,cg06752231,-0.4421789869822334,0.4421789869822334
365,cg20267101,-0.4421151188353787,0.4421151188353787
366,cg17762936,-0.44202259922919174,0.44202259922919174
367,cg01620970,-0.44177708298313395,0.44177708298313395
368,cg18341795,-0.4414206170644068,0.4414206170644068
369,cg05005582,-0.44136985956956104,0.44136985956956104
370,ch.1.171672612F,-0.4411531621502474,0.4411531621502474
371,cg08637691,0.44106806724024017,0.44106806724024017
372,cg18801806,-0.4408710603705852,0.4408710603705852
373,cg07522171,-0.4407554909220563,0.4407554909220563
374,cg00358895,-0.44070437014515473,0.44070437014515473
375,cg18071806,0.44065955417930447,0.44065955417930447
376,ch.2.105901354F,-0.44042856819841375,0.44042856819841375
377,cg03748458,-0.440252800488835,0.440252800488835
378,cg11705975,0.4400049646844962,0.4400049646844962
379,cg23755586,-0.4399268924798383,0.4399268924798383
380,cg15706604,-0.439836752007543,0.439836752007543
381,cg26114076,0.43979619618413346,0.43979619618413346
382,cg05405914,-0.4396284764688265,0.4396284764688265
383,cg16129102,-0.43957674490482845,0.43957674490482845
384,cg02867102,-0.43956894476859765,0.43956894476859765
385,cg03132729,-0.43954193756194015,0.43954193756194015
386,cg18542464,-0.4394970255031406,0.4394970255031406
387,cg07347026,-0.43942626149496755,0.43942626149496755
388,cg24746368,-0.4393985321523331,0.4393985321523331
389,cg09809672,-0.4393158208149617,0.4393158208149617
390,cg24214068,0.4391892478054528,0.4391892478054528
391,cg04052934,-0.4387900767282887,0.4387900767282887
392,cg16570547,-0.4385932580869808,0.4385932580869808
393,cg27312987,-0.43840471026954037,0.43840471026954037
394,cg15366841,-0.4383299100425968,0.4383299100425968
395,cg21322248,-0.43824155719056707,0.43824155719056707
396,cg24121503,-0.43824129307904036,0.43824129307904036
397,cg21186955,-0.43824085315628325,0.43824085315628325
398,cg06819923,-0.43820750726998325,0.43820750726998325
399,cg06493994,0.4380918140769775,0.4380918140769775
400,cg11427329,-0.4380617617146158,0.4380617617146158
401,cg25616535,-0.4380072043366554,0.4380072043366554
402,cg03024994,-0.4379658596007091,0.4379658596007091
403,cg06291867,0.4379469452408687,0.4379469452408687
404,cg14282721,-0.43783232494476926,0.43783232494476926
405,cg09401099,0.4378090464219077,0.4378090464219077
406,cg26989292,-0.43771153402126267,0.43771153402126267
407,cg04819580,-0.4376730982932121,0.4376730982932121
408,cg16008966,-0.43734943008604493,0.43734943008604493
409,cg12038299,-0.43734695869899054,0.43734695869899054
410,cg26615440,-0.4372726874219241,0.4372726874219241
411,cg10588784,0.43711626976224643,0.43711626976224643
412,cg19759064,-0.4370392325605978,0.4370392325605978
413,cg09399329,-0.4369509714115091,0.4369509714115091
414,cg21469505,-0.43673638544023563,0.43673638544023563
415,cg05724065,-0.4367286930872379,0.4367286930872379
416,cg01855540,-0.4366544586755177,0.4366544586755177
417,cg03090301,-0.43653156693770967,0.43653156693770967
418,cg11344352,-0.4362891170508551,0.4362891170508551
419,cg14956327,-0.436114301240991,0.436114301240991
420,cg11795881,-0.4360562517735419,0.4360562517735419
421,cg24774812,-0.43596015706605024,0.43596015706605024
422,cg13108341,-0.4357754154114708,0.4357754154114708
423,cg11105718,-0.4357484103418474,0.4357484103418474
424,cg09308553,-0.43569869397994515,0.43569869397994515
425,cg06535121,-0.43567618447343204,0.43567618447343204
426,cg13523587,-0.43559714151360474,0.43559714151360474
427,cg00926285,-0.4355270679169045,0.4355270679169045
428,cg27112470,-0.4353127750564099,0.4353127750564099
429,cg21439672,-0.43511709678048605,0.43511709678048605
430,cg21599943,-0.4351037254444867,0.4351037254444867
431,cg13322545,-0.4350928840184504,0.4350928840184504
432,cg16464659,-0.4350405695437065,0.4350405695437065
433,cg04772644,-0.4350125016469121,0.4350125016469121
434,cg14042143,-0.4349987907094949,0.4349987907094949
435,cg04370758,-0.4347101423167105,0.4347101423167105
436,cg20733303,-0.43442316658317415,0.43442316658317415
437,cg00305797,-0.434282399970432,0.434282399970432
438,cg22724353,-0.4341824656103977,0.4341824656103977
439,cg26409336,-0.4340851113155766,0.4340851113155766
440,cg13640414,-0.4339858809644238,0.4339858809644238
441,cg25558285,-0.43397869538282535,0.43397869538282535
442,cg13053302,-0.43391665219224723,0.43391665219224723
443,cg26543112,-0.43389337123686955,0.43389337123686955
444,cg17340043,-0.43386099603035294,0.43386099603035294
445,cg04742397,-0.4338055039906011,0.4338055039906011
446,cg05179292,-0.43376489732535856,0.43376489732535856
447,cg16714760,-0.43368849080069294,0.43368849080069294
448,cg27030854,-0.43353128259478674,0.43353128259478674
449,cg09240238,-0.4334860692025902,0.4334860692025902
450,cg26992381,-0.43342898265167507,0.43342898265167507
451,cg03947688,0.4332975987976698,0.4332975987976698
452,cg21971198,-0.43318740034083114,0.43318740034083114
453,cg02872426,-0.4331535502239974,0.4331535502239974
454,cg18261667,-0.4330266562450658,0.4330266562450658
455,cg00668453,-0.43273286552557994,0.43273286552557994
456,cg04955914,-0.4327152518803442,0.4327152518803442
457,cg00210007,-0.4326699197147701,0.4326699197147701
458,cg17365308,-0.43259839186743815,0.43259839186743815
459,cg06685111,-0.43252075581827937,0.43252075581827937
460,cg03710824,0.43249496191417014,0.43249496191417014
461,cg16239604,-0.43235055860883614,0.43235055860883614
462,cg15360181,-0.43233564060620555,0.43233564060620555
463,cg25351643,-0.43232522337401486,0.43232522337401486
464,cg23715749,-0.4323186206892583,0.4323186206892583
465,cg07690222,-0.43227767976785414,0.43227767976785414
466,cg06904916,-0.43224042618211805,0.43224042618211805
467,cg02070677,-0.4319370221119439,0.4319370221119439
468,cg08748308,-0.43184174717572166,0.43184174717572166
469,cg00695112,-0.43183531376278256,0.43183531376278256
470,cg11038423,-0.4317884739135952,0.4317884739135952
471,cg23222772,-0.4317752389241569,0.4317752389241569
472,cg20075319,-0.43173649220273236,0.43173649220273236
473,cg00744443,-0.4317006938708299,0.4317006938708299
474,cg03607117,0.4316500305359299,0.4316500305359299
475,cg18808904,-0.4316150617478478,0.4316150617478478
476,cg27493344,-0.4315288074086975,0.4315288074086975
477,cg24970172,-0.4314725333590596,0.4314725333590596
478,cg10616795,-0.43135249717515095,0.43135249717515095
479,cg00720451,-0.4309289308147204,0.4309289308147204
480,cg21097724,-0.4308090754093113,0.4308090754093113
481,cg16611220,-0.4307609935178888,0.4307609935178888
482,cg12445258,-0.43056564179478196,0.43056564179478196
483,cg14359680,-0.43056182345491995,0.43056182345491995
484,cg17697306,-0.4302935387684153,0.4302935387684153
485,cg05977992,-0.4302742725038979,0.4302742725038979
486,cg10043090,-0.43027348281866384,0.43027348281866384
487,cg16257215,-0.430180757392511,0.430180757392511
488,cg26947034,-0.42993473638716584,0.42993473638716584
489,cg22361181,-0.4299028217453575,0.4299028217453575
490,cg27637738,-0.4298529752405149,0.4298529752405149
491,cg04929220,-0.42983545996556277,0.42983545996556277
492,cg07879334,-0.4295360203868821,0.4295360203868821
493,cg06750152,0.4295299978954911,0.4295299978954911
494,cg22551157,-0.42952593919681836,0.42952593919681836
495,cg00740914,-0.4294299250470523,0.4294299250470523
496,cg16276108,-0.4294000629404359,0.4294000629404359
497,cg03397035,-0.4292792655888809,0.4292792655888809
498,cg02394601,-0.4291639107923038,0.4291639107923038
499,cg07638761,-0.42895632538216766,0.42895632538216766
500,cg00753885,-0.4287979797534868,0.4287979797534868
501,cg07738234,-0.4287222100506524,0.4287222100506524
502,cg19214091,-0.4287152247425421,0.4287152247425421
503,cg04479264,-0.4286532587260669,0.4286532587260669
504,cg09884851,-0.42861005875487695,0.42861005875487695
505,cg14331923,-0.42855106333355186,0.42855106333355186
506,cg01724838,-0.42848932624540015,0.42848932624540015
507,cg18662303,-0.4284820122268458,0.4284820122268458
508,cg06046617,-0.4284368143308972,0.4284368143308972
509,cg01928418,-0.42828319891449773,0.42828319891449773
510,cg11323285,-0.4281747891329864,0.4281747891329864
511,cg17231766,-0.42815564486917357,0.42815564486917357
512,cg26997437,-0.4280828446179442,0.4280828446179442
513,cg24200825,-0.4280185535128008,0.4280185535128008
514,cg18097325,0.4279673798699352,0.4279673798699352
515,cg00676294,-0.42795118842022906,0.42795118842022906
516,cg08236479,-0.427938669258922,0.427938669258922
517,cg07808326,0.4278542657562191,0.4278542657562191
518,cg12748351,-0.42780050508762013,0.42780050508762013
519,cg27269561,-0.427773731180006,0.427773731180006
520,cg07975200,-0.4275748101389601,0.4275748101389601
521,cg25140188,-0.4274665192385095,0.4274665192385095
522,cg01021271,-0.42746142077695376,0.42746142077695376
523,cg14054781,0.4273175450547008,0.4273175450547008
524,cg18186343,-0.4271912911229879,0.4271912911229879
525,cg15495372,-0.4269114738353853,0.4269114738353853
526,cg02085953,-0.4268366256866996,0.4268366256866996
527,cg02361903,-0.4267526915677605,0.4267526915677605
528,cg06586615,-0.42667705090637464,0.42667705090637464
529,cg11960359,-0.426383917148166,0.426383917148166
530,cg05245284,-0.42630890772929353,0.42630890772929353
531,cg00435064,-0.4261891851507249,0.4261891851507249
532,cg23003085,-0.4261791315146147,0.4261791315146147
533,cg11143148,-0.4260802545411516,0.4260802545411516
534,cg04444450,-0.4259570670238081,0.4259570670238081
535,cg05962092,0.4258848028933459,0.4258848028933459
536,cg14887028,-0.4258174842186116,0.4258174842186116
537,cg00062592,-0.4256323933656822,0.4256323933656822
538,cg24212517,-0.42557925563780047,0.42557925563780047
539,cg04189678,-0.4255414107188714,0.4255414107188714
540,cg13279476,-0.4254911854214283,0.4254911854214283
541,cg25183883,-0.42547651711268114,0.42547651711268114
542,cg01896085,-0.4253393188098002,0.4253393188098002
543,cg22770285,-0.4253175024737346,0.4253175024737346
544,cg01921066,-0.425261220856337,0.425261220856337
545,cg01256539,-0.4251835411684912,0.4251835411684912
546,cg12892303,0.425177892629145,0.425177892629145
547,cg08453194,-0.42507627977744816,0.42507627977744816
548,cg07497042,-0.42496839065399755,0.42496839065399755
549,cg14488626,-0.4249381172221847,0.4249381172221847
550,cg01202600,-0.4248396760052668,0.4248396760052668
551,cg06859186,-0.4246790746024339,0.4246790746024339
552,cg14947101,-0.42462201175210046,0.42462201175210046
553,cg03231117,-0.4245602652048395,0.4245602652048395
554,cg06856891,-0.42441233791373734,0.42441233791373734
555,ch.6.33611621F,-0.4243650921351275,0.4243650921351275
556,cg05977193,-0.42422637715405326,0.42422637715405326
557,cg08426733,-0.42416810682704575,0.42416810682704575
558,cg00213822,-0.4241398981435023,0.4241398981435023
559,cg01838523,-0.4241070364928444,0.4241070364928444
560,cg27312049,0.42405977570253645,0.42405977570253645
561,cg11298844,-0.42391290613877713,0.42391290613877713
562,cg17675043,-0.42371281558443474,0.42371281558443474
563,cg21907521,-0.4235827198653187,0.4235827198653187
564,cg05205351,-0.42343959734423,0.42343959734423
565,cg04872610,-0.4230730422901274,0.4230730422901274
566,cg21667520,-0.4230693419258957,0.4230693419258957
567,cg18452975,-0.4230526662412883,0.4230526662412883
568,cg05922714,-0.4230517988249661,0.4230517988249661
569,cg05346491,-0.4230291456707837,0.4230291456707837
570,cg09967176,-0.4229039234911617,0.4229039234911617
571,cg08608090,-0.4227869874311781,0.4227869874311781
572,cg07979387,-0.4227789740983073,0.4227789740983073
573,cg12179661,-0.4225708960137381,0.4225708960137381
574,cg05109205,-0.4225052488579136,0.4225052488579136
575,cg11347475,-0.4223024319921668,0.4223024319921668
576,cg16780603,-0.42218897962804214,0.42218897962804214
577,cg09726879,-0.422156436463974,0.422156436463974
578,cg24848615,-0.422014802729376,0.422014802729376
579,cg01022345,-0.42171236462682143,0.42171236462682143
580,cg07724633,-0.42168727722428756,0.42168727722428756
581,cg07101980,-0.42165186938129084,0.42165186938129084
582,cg13683374,-0.42144081119857935,0.42144081119857935
583,cg02676457,-0.42140913897061266,0.42140913897061266
584,cg22730004,-0.4214065192074526,0.4214065192074526
585,cg13172724,0.42129304497592185,0.42129304497592185
586,cg18237330,-0.421278084046751,0.421278084046751
587,cg15000346,-0.42121783856480366,0.42121783856480366
588,cg09021005,-0.4209684157181536,0.4209684157181536
589,cg18158149,-0.42084158656420645,0.42084158656420645
590,cg03224418,-0.4208071650143046,0.4208071650143046
591,cg18204696,-0.4207842271021911,0.4207842271021911
592,cg06826457,-0.42072029214732776,0.42072029214732776
593,cg20091414,-0.42068788429692033,0.42068788429692033
594,cg17529257,-0.42067265502746237,0.42067265502746237
595,cg11102031,-0.4206467799617632,0.4206467799617632
596,cg15931375,-0.420549309148309,0.420549309148309
597,cg06007201,-0.42029230797961314,0.42029230797961314
598,cg10151741,-0.42025753089573437,0.42025753089573437
599,cg01327863,-0.42018852943351453,0.42018852943351453
600,cg11412248,-0.4201387415730295,0.4201387415730295
601,cg08713098,-0.42009969422247395,0.42009969422247395
602,cg05993870,-0.41990333571748273,0.41990333571748273
603,cg20959829,-0.4198831347289225,0.4198831347289225
604,cg09975734,-0.41988292237715436,0.41988292237715436
605,cg14257429,-0.4198527432807695,0.4198527432807695
606,cg19327222,-0.41965814279322666,0.41965814279322666
607,cg22947000,-0.4195674858541856,0.4195674858541856
608,cg17024199,-0.4195429442051198,0.4195429442051198
609,cg02047661,-0.41953376927782976,0.41953376927782976
610,cg00839076,-0.419518108353284,0.419518108353284
611,cg15237393,-0.41951787715427613,0.41951787715427613
612,cg08732984,0.4194654373469929,0.4194654373469929
613,cg00602811,-0.41942268301521896,0.41942268301521896
614,cg26065362,-0.41940435653525043,0.41940435653525043
615,cg16789844,-0.41914426514115644,0.41914426514115644
616,cg04953061,-0.41904792783667694,0.41904792783667694
617,cg12501650,-0.41900664750648875,0.41900664750648875
618,cg23112168,-0.41900051626904644,0.41900051626904644
619,cg24535475,-0.41894433755389765,0.41894433755389765
620,cg15903032,-0.41890762254375513,0.41890762254375513
621,cg08162582,-0.41887984062978967,0.41887984062978967
622,cg08217285,-0.4188436131836232,0.4188436131836232
623,cg08935887,-0.4188093483731789,0.4188093483731789
624,cg00621805,-0.4187845341498527,0.4187845341498527
625,cg08180304,-0.418700758981857,0.418700758981857
626,cg05594686,-0.4186980191107712,0.4186980191107712
627,cg17261529,-0.4186962826836268,0.4186962826836268
628,cg05457684,-0.41861838633136983,0.41861838633136983
629,cg11693709,-0.41847060622017646,0.41847060622017646
630,cg25453047,-0.4184502871206599,0.4184502871206599
631,cg19093687,-0.41843088390841215,0.41843088390841215
632,cg21134319,-0.41836327745682467,0.41836327745682467
633,cg09965980,-0.41835419627141573,0.41835419627141573
634,cg01587585,-0.4183492886273838,0.4183492886273838
635,cg01250446,-0.4182993293093459,0.4182993293093459
636,cg03915012,-0.4182811659418006,0.4182811659418006
637,cg02395812,-0.41819817938011244,0.41819817938011244
638,cg05072629,-0.4181364625300031,0.4181364625300031
639,cg12711760,-0.41810038526409143,0.41810038526409143
640,cg19759398,0.4180330070909307,0.4180330070909307
641,cg08409562,-0.41801202328205156,0.41801202328205156
642,cg17277633,-0.41788112986393844,0.41788112986393844
643,cg11847992,-0.4178724359217767,0.4178724359217767
644,cg16236893,-0.4178301915132639,0.4178301915132639
645,cg25331593,-0.4176880180693989,0.4176880180693989
646,cg02787452,-0.4176526883830189,0.4176526883830189
647,cg13119578,-0.417363067636712,0.417363067636712
648,cg07134623,-0.4173436437873392,0.4173436437873392
649,cg14131316,-0.41734114989167015,0.41734114989167015
650,cg08950945,-0.41720890627253987,0.41720890627253987
651,cg25343906,-0.4171839870720456,0.4171839870720456
652,cg02680112,-0.4170508248038318,0.4170508248038318
653,cg08121160,-0.41694687458258034,0.41694687458258034
654,cg05848650,-0.41688271672353916,0.41688271672353916
655,cg11059800,-0.4168343243931405,0.4168343243931405
656,cg07027613,-0.41681342827288004,0.41681342827288004
657,cg00475490,-0.4168060122049111,0.4168060122049111
658,cg03372207,-0.41662765706367766,0.41662765706367766
659,cg05584950,-0.41658503976564704,0.41658503976564704
660,cg21801378,0.4165838347587654,0.4165838347587654
661,cg12580096,-0.4163279182850158,0.4163279182850158
662,cg21721649,-0.41613133887017706,0.41613133887017706
663,cg23834123,-0.4161226844127041,0.4161226844127041
664,cg10162318,0.4160818439348538,0.4160818439348538
665,cg06155229,-0.4160281322401101,0.4160281322401101
666,cg14209784,-0.4157914665860039,0.4157914665860039
667,cg12427935,-0.41576373763312274,0.41576373763312274
668,cg09138671,-0.4157369672890927,0.4157369672890927
669,cg17290000,-0.4157185955692855,0.4157185955692855
670,cg03193047,-0.41565104563149513,0.41565104563149513
671,cg08329821,-0.41554312424706014,0.41554312424706014
672,cg26342454,-0.4154967964830862,0.4154967964830862
673,cg08625065,-0.4153844812569865,0.4153844812569865
674,cg00722786,-0.41523254619553535,0.41523254619553535
675,cg07004025,-0.4151397396828212,0.4151397396828212
676,cg26698979,-0.4150808045689052,0.4150808045689052
677,cg14502916,-0.4150415302913056,0.4150415302913056
678,cg21296230,0.4149972385444565,0.4149972385444565
679,cg05490029,-0.41491697880309675,0.41491697880309675
680,cg12591805,-0.414875899584601,0.414875899584601
681,cg01671681,-0.41477380517188617,0.41477380517188617
682,cg04049981,-0.414724913572351,0.414724913572351
683,cg04713325,-0.41465418300946716,0.41465418300946716
684,cg09531682,-0.41456513080169,0.41456513080169
685,cg01156568,-0.41453575035414875,0.41453575035414875
686,cg20789819,-0.41448625818270557,0.41448625818270557
687,cg07184080,-0.4144827957632937,0.4144827957632937
688,cg14407241,-0.4144039167532417,0.4144039167532417
689,cg25880623,-0.4143164473195321,0.4143164473195321
690,cg21016699,-0.4142318307336661,0.4142318307336661
691,cg18933331,-0.4142302771067546,0.4142302771067546
692,cg25521882,-0.41412078527975493,0.41412078527975493
693,cg01778151,-0.4140841790945154,0.4140841790945154
694,cg11215901,-0.4139470658807622,0.4139470658807622
695,cg19670290,-0.4139436493153899,0.4139436493153899
696,cg03425695,0.4139277416760203,0.4139277416760203
697,cg06674056,-0.4139162918919501,0.4139162918919501
698,cg16204272,-0.4139020019521966,0.4139020019521966
699,cg16593554,-0.41379802871142046,0.41379802871142046
700,cg15167811,-0.41376982998937156,0.41376982998937156
701,cg20846768,-0.4136941377741117,0.4136941377741117
702,cg02657721,-0.413640685976539,0.413640685976539
703,cg12318914,-0.4136135234894863,0.4136135234894863
704,cg11748880,-0.4135396649592387,0.4135396649592387
705,cg06419432,-0.41350511165726106,0.41350511165726106
706,cg16783053,-0.4133923600577881,0.4133923600577881
707,cg03593823,-0.41330048081510884,0.41330048081510884
708,cg25851044,-0.4131605360439137,0.4131605360439137
709,cg04148374,-0.41308478043126295,0.41308478043126295
710,cg00331334,-0.41298110671795807,0.41298110671795807
711,cg09845990,-0.4129654472105155,0.4129654472105155
712,cg11289601,-0.41281725959521753,0.41281725959521753
713,cg25410220,-0.41270960546652286,0.41270960546652286
714,cg09088760,-0.41270417432966994,0.41270417432966994
715,cg10654598,-0.4124934356503105,0.4124934356503105
716,cg15109150,-0.41238151940939527,0.41238151940939527
717,cg17898536,-0.41225858780340563,0.41225858780340563
718,cg12934382,0.4122208960491921,0.4122208960491921
719,cg00144480,-0.4121367471882472,0.4121367471882472
720,cg09124496,-0.41211538110311524,0.41211538110311524
721,cg05463027,-0.41209106667494133,0.41209106667494133
722,cg25752848,-0.4120526950516243,0.4120526950516243
723,cg19761273,-0.4120298284494764,0.4120298284494764
724,cg24437221,-0.41193559337306435,0.41193559337306435
725,cg18570126,-0.4119045856505249,0.4119045856505249
726,cg14711927,-0.4118917440451781,0.4118917440451781
727,cg18345924,-0.41165810183517326,0.41165810183517326
728,cg01119503,-0.41162231396513765,0.41162231396513765
729,cg24245594,-0.4115796059321929,0.4115796059321929
730,cg07339122,-0.41157084759627777,0.41157084759627777
731,cg13835114,-0.4115366686882834,0.4115366686882834
732,cg20337215,-0.41151237996277823,0.41151237996277823
733,cg24102349,-0.41144240677534444,0.41144240677534444
734,cg12172916,-0.4114402361713835,0.4114402361713835
735,cg10586836,-0.41136599103122895,0.41136599103122895
736,cg05980523,-0.4113084296189761,0.4113084296189761
737,cg15054753,-0.4113024112822258,0.4113024112822258
738,cg06034194,-0.4112715066149717,0.4112715066149717
739,cg11836767,-0.4111147827201433,0.4111147827201433
740,cg13930219,-0.4110750718471131,0.4110750718471131
741,cg00153306,-0.41095727382018077,0.41095727382018077
742,cg02344871,-0.41069878892264544,0.41069878892264544
743,cg26079664,0.41064501139803655,0.41064501139803655
744,cg21475150,0.4106007835255897,0.4106007835255897
745,cg27522078,-0.41058047327645886,0.41058047327645886
746,cg13221458,-0.410566979108365,0.410566979108365
747,cg01577707,-0.4105296144343174,0.4105296144343174
748,cg01175394,0.4103583718865724,0.4103583718865724
749,cg20339868,-0.41031858203336163,0.41031858203336163
750,cg02071305,-0.41028801541354476,0.41028801541354476
751,cg03194226,-0.4102715122204653,0.4102715122204653
752,cg22815707,-0.4102381067297822,0.4102381067297822
753,cg10663081,-0.4102016209016448,0.4102016209016448
754,cg24765521,-0.41016425773895515,0.41016425773895515
755,cg21161526,-0.41015521311585124,0.41015521311585124
756,cg01289541,-0.4101551915242033,0.4101551915242033
757,cg18306747,-0.4100247025748819,0.4100247025748819
758,cg09056288,-0.4099775660516198,0.4099775660516198
759,cg20548631,-0.40990900184402607,0.40990900184402607
760,cg26969888,-0.40953509096777707,0.40953509096777707
761,cg26580095,-0.40952712991141,0.40952712991141
762,cg02170478,-0.4095076254318032,0.4095076254318032
763,cg16419235,0.4093737687182281,0.4093737687182281
764,cg21587777,-0.4092824278728679,0.4092824278728679
765,cg00404400,-0.4092154908297665,0.4092154908297665
766,cg26568223,-0.4092059980039253,0.4092059980039253
767,cg02841972,-0.4091741311728715,0.4091741311728715
768,cg20945261,-0.40900763166858956,0.40900763166858956
769,cg19501755,-0.4089744033729272,0.4089744033729272
770,cg15028525,-0.40882705915426987,0.40882705915426987
771,cg20793144,0.4088263085190584,0.4088263085190584
772,cg16899650,-0.40880656869125515,0.40880656869125515
773,cg06425162,0.40873413477396753,0.40873413477396753
774,cg23378331,0.40854431658754026,0.40854431658754026
775,cg22789714,-0.4085251815066639,0.4085251815066639
776,cg11939713,-0.4084501047786421,0.4084501047786421
777,cg25433915,-0.4083690398582704,0.4083690398582704
778,cg14667832,-0.4082105514812928,0.4082105514812928
779,cg15251748,-0.4081973912684425,0.4081973912684425
780,cg18628483,-0.40817162630105935,0.40817162630105935
781,cg10104151,-0.4081601655883644,0.4081601655883644
782,cg06974546,-0.4081553581539427,0.4081553581539427
783,cg18068762,-0.40812569555300376,0.40812569555300376
784,cg18057497,-0.40808202978371994,0.40808202978371994
785,cg17718488,-0.4080687193816414,0.4080687193816414
786,cg04021562,-0.40800923631315017,0.40800923631315017
787,cg04657325,-0.407993029207685,0.407993029207685
788,cg17084492,-0.40791450022573955,0.40791450022573955
789,cg15053090,-0.40784899099468663,0.40784899099468663
790,cg25129960,-0.4078393730917778,0.4078393730917778
791,cg23749518,-0.40768465517809127,0.40768465517809127
792,cg01656438,-0.40756556023532126,0.40756556023532126
793,cg24430580,0.4075248518354642,0.4075248518354642
794,cg19702785,0.4073429657260022,0.4073429657260022
795,cg07608084,-0.40727643122691437,0.40727643122691437
796,cg26290632,0.40718375143386915,0.40718375143386915
797,cg04651240,-0.40707627841621796,0.40707627841621796
798,cg09451789,-0.4070037321439909,0.4070037321439909
799,cg14295611,-0.4069727646996993,0.4069727646996993
800,cg18418479,-0.40694783950422164,0.40694783950422164
801,cg04992613,0.4068069431695577,0.4068069431695577
802,cg11552407,-0.40675957205759833,0.40675957205759833
803,cg20193323,-0.406757404418411,0.406757404418411
804,cg05934592,-0.4065579522811647,0.4065579522811647
805,cg12987318,-0.40653846568532326,0.40653846568532326
806,cg11004284,-0.4064797761512937,0.4064797761512937
807,cg04709124,-0.40634251518446607,0.40634251518446607
808,cg16154603,-0.40628767063280635,0.40628767063280635
809,cg04918548,-0.4062652413589948,0.4062652413589948
810,cg13511623,-0.4062156971268586,0.4062156971268586
811,cg12542768,-0.4062115219010973,0.4062115219010973
812,cg05297865,-0.4061592935257,0.4061592935257
813,cg00229387,-0.40614068142593923,0.40614068142593923
814,cg19936954,-0.4060697851682669,0.4060697851682669
815,cg11624040,-0.4060363775008941,0.4060363775008941
816,cg05151030,-0.4060019369462883,0.4060019369462883
817,cg01176339,-0.4059787135025375,0.4059787135025375
818,cg22460569,-0.40595463182283126,0.40595463182283126
819,cg00730203,-0.40592738190822536,0.40592738190822536
820,cg21200656,0.40586234839617674,0.40586234839617674
821,cg01272941,-0.4058144414024469,0.4058144414024469
822,cg09005115,-0.40569205976977357,0.40569205976977357
823,cg10151162,-0.40568112830209185,0.40568112830209185
824,cg02571816,0.40555215636725633,0.40555215636725633
825,cg01855098,0.405512061684571,0.405512061684571
826,cg16838903,-0.40548002379798426,0.40548002379798426
827,cg11068337,-0.4054423254807875,0.4054423254807875
828,cg08648042,-0.4052616174400395,0.4052616174400395
829,cg27039866,-0.4052047092327648,0.4052047092327648
830,cg01849164,-0.4051637720957661,0.4051637720957661
831,cg12483947,-0.40515672547690623,0.40515672547690623
832,cg12695158,-0.405064433597814,0.405064433597814
833,cg25216039,-0.40505464621597187,0.40505464621597187
834,cg15004842,-0.40502963976669193,0.40502963976669193
835,cg22040301,-0.40491729595496045,0.40491729595496045
836,cg12623930,-0.40482455453752636,0.40482455453752636
837,cg12252865,-0.40478283380357566,0.40478283380357566
838,cg23772011,-0.4047162369425552,0.4047162369425552
839,cg11930955,-0.4043791933712712,0.4043791933712712
840,ch.1.839062R,-0.4043737299912849,0.4043737299912849
841,cg12217936,-0.40435036909643585,0.40435036909643585
842,cg10903575,-0.4042849333901772,0.4042849333901772
843,cg15110296,-0.4039544672476013,0.4039544672476013
844,cg05557932,-0.40390463077590494,0.40390463077590494
845,cg17047513,-0.40385669067950564,0.40385669067950564
846,cg19550126,0.4038079456854977,0.4038079456854977
847,cg06798234,-0.40378820123223463,0.40378820123223463
848,cg16477213,-0.40375513962782056,0.40375513962782056
849,cg20281046,0.40373442156053074,0.40373442156053074
850,cg25544461,-0.40364948020755764,0.40364948020755764
851,cg00384847,-0.40364313487788633,0.40364313487788633
852,cg20964856,-0.40354670589286945,0.40354670589286945
853,cg26569002,-0.40345482882691464,0.40345482882691464
854,cg10695490,-0.4034455782493204,0.4034455782493204
855,cg10852431,-0.4034418076476601,0.4034418076476601
856,cg03557226,-0.4034355230018439,0.4034355230018439
857,cg25478614,0.40337642280734104,0.40337642280734104
858,cg21493814,-0.40331227894370203,0.40331227894370203
859,cg27087787,-0.40328867660540657,0.40328867660540657
860,cg14074174,-0.4032406918238408,0.4032406918238408
861,cg07502389,0.4032061900739138,0.4032061900739138
862,cg04766061,-0.4031108418081482,0.4031108418081482
863,cg11553665,-0.40305332023686996,0.40305332023686996
864,cg16336268,-0.40302674334041433,0.40302674334041433
865,cg04193015,-0.4030099981900305,0.4030099981900305
866,cg23320649,-0.4029729670255068,0.4029729670255068
867,cg18575730,-0.40291708588208247,0.40291708588208247
868,cg22686259,-0.40288259983635355,0.40288259983635355
869,cg24570371,-0.4028468578050434,0.4028468578050434
870,cg06419793,-0.4028433930892143,0.4028433930892143
871,cg00684075,-0.4027523622395254,0.4027523622395254
872,cg02636162,-0.40274350823956095,0.40274350823956095
873,cg02883407,-0.4027426418389407,0.4027426418389407
874,cg26540191,0.4027288544538726,0.4027288544538726
875,cg15662986,0.4027278979492239,0.4027278979492239
876,cg20871579,0.4025845442631833,0.4025845442631833
877,cg04474832,-0.40257907490754746,0.40257907490754746
878,cg08260395,-0.4025617288905037,0.4025617288905037
879,cg12109475,-0.4025583312554113,0.4025583312554113
880,cg26979309,-0.40254265414934337,0.40254265414934337
881,cg02286081,-0.4025009042459394,0.4025009042459394
882,cg17110586,0.4024948630127336,0.4024948630127336
883,cg10406076,-0.4023844025406672,0.4023844025406672
884,cg04243582,-0.402318497038038,0.402318497038038
885,cg00636737,-0.40230476422403494,0.40230476422403494
886,cg18797453,-0.4021578532579077,0.4021578532579077
887,cg27156464,-0.4021547552368662,0.4021547552368662
888,cg07360990,-0.40214658555740596,0.40214658555740596
889,cg01570459,-0.40209285442656983,0.40209285442656983
890,cg14479754,-0.40208571471602633,0.40208571471602633
891,cg26592760,-0.4019971590464867,0.4019971590464867
892,cg24168221,-0.4018246781050621,0.4018246781050621
893,cg17407859,-0.40177737112327866,0.40177737112327866
894,cg04594378,-0.401754961865656,0.401754961865656
895,cg12150097,-0.4016254236675301,0.4016254236675301
896,cg03485669,-0.40159271499260235,0.40159271499260235
897,cg22950493,-0.4015923437630532,0.4015923437630532
898,cg06607384,-0.4015894358700701,0.4015894358700701
899,cg06688878,-0.40149765007732463,0.40149765007732463
900,cg11891925,-0.4014339289489453,0.4014339289489453
901,cg05130500,0.4013227721218652,0.4013227721218652
902,cg27597853,-0.40130756517338834,0.40130756517338834
903,cg12211471,-0.4012244586595394,0.4012244586595394
904,cg26725076,-0.4012128812664329,0.4012128812664329
905,cg16011679,-0.40096692099676556,0.40096692099676556
906,cg17266406,-0.4007442337877986,0.4007442337877986
907,cg19328649,-0.4006848347097418,0.4006848347097418
908,cg23231093,0.4005571786621889,0.4005571786621889
909,cg12851286,-0.40055661826761774,0.40055661826761774
910,cg00303773,-0.4004872324036171,0.4004872324036171
911,cg23999080,-0.4004208540078141,0.4004208540078141
912,cg00941666,-0.4002837297400042,0.4002837297400042
913,cg04955333,-0.40023309746413965,0.40023309746413965
914,cg05026592,-0.4002013272574699,0.4002013272574699
915,cg22809047,0.4001280709527025,0.4001280709527025
916,cg13902210,0.40011612300387067,0.40011612300387067
917,cg25865120,-0.40006548497535943,0.40006548497535943
918,cg12468328,-0.39993175952621235,0.39993175952621235
919,cg25966412,-0.39980650809904633,0.39980650809904633
920,cg16736826,-0.3997883996703739,0.3997883996703739
921,cg01231075,-0.39960552896410206,0.39960552896410206
922,cg12456625,-0.39946872244410564,0.39946872244410564
923,cg23296980,-0.39943846620554224,0.39943846620554224
924,cg12842322,-0.3994377285594981,0.3994377285594981
925,cg01431244,-0.39935846437373057,0.39935846437373057
926,cg12939283,-0.39929579141922594,0.39929579141922594
927,cg10997069,-0.39925405084906684,0.39925405084906684
928,cg24217948,-0.3991370957089772,0.3991370957089772
929,cg08684301,-0.3991120912381618,0.3991120912381618
930,cg22461375,-0.39905513550141763,0.39905513550141763
931,cg23346933,-0.39892357024540953,0.39892357024540953
932,cg06355175,-0.3987895247877527,0.3987895247877527
933,cg08001199,-0.39877977434403267,0.39877977434403267
934,cg20222376,-0.3987620559116663,0.3987620559116663
935,cg11643740,-0.39870269223980875,0.39870269223980875
936,cg05442902,-0.39870152140173365,0.39870152140173365
937,cg17101285,-0.3986593648548963,0.3986593648548963
938,cg18143823,-0.39863646015540666,0.39863646015540666
939,cg22167656,-0.3986126212760819,0.3986126212760819
940,cg03510486,-0.39849472029446464,0.39849472029446464
941,cg23149300,-0.39846529557743243,0.39846529557743243
942,cg09835575,-0.3984531163607862,0.3984531163607862
943,cg25131101,-0.39843136206588947,0.39843136206588947
944,cg11601477,-0.39840801629856887,0.39840801629856887
945,cg19370065,-0.39838043335455237,0.39838043335455237
946,cg07048414,-0.3982456369101981,0.3982456369101981
947,cg07738259,-0.39819403054885577,0.39819403054885577
948,cg12964519,-0.3981267041425867,0.3981267041425867
949,cg01753375,-0.39803407783397027,0.39803407783397027
950,cg15755028,-0.39797632958743995,0.39797632958743995
951,cg16060790,-0.39796497580800727,0.39796497580800727
952,cg23763117,-0.3977599550765774,0.3977599550765774
953,cg06156900,-0.3976782198319991,0.3976782198319991
954,cg03162794,-0.3976369681259268,0.3976369681259268
955,cg15383740,-0.3975468630740847,0.3975468630740847
956,cg05081930,-0.39753268508255113,0.39753268508255113
957,cg10573236,-0.3975087369817533,0.3975087369817533
958,cg15480367,0.3974996103521715,0.3974996103521715
959,cg04090392,0.39740536375312085,0.39740536375312085
960,cg24293739,-0.397386304671264,0.397386304671264
961,cg06934523,-0.39724541979415684,0.39724541979415684
962,cg00170483,-0.39717956493345563,0.39717956493345563
963,cg05293670,-0.39716807208977806,0.39716807208977806
964,cg12773508,-0.3971640065038822,0.3971640065038822
965,cg19458269,-0.3969423991418624,0.3969423991418624
966,cg27589809,-0.3968569234273435,0.3968569234273435
967,cg13938970,-0.3967655116805595,0.3967655116805595
968,cg15017982,-0.39675317826911477,0.39675317826911477
969,cg05494488,-0.39674927719758485,0.39674927719758485
970,cg04931655,-0.3967099283335703,0.3967099283335703
971,cg25816357,0.39670208998342954,0.39670208998342954
972,cg00985388,-0.3966917753075118,0.3966917753075118
973,cg25887748,0.39668031395739667,0.39668031395739667
974,cg01420348,-0.39647268215067893,0.39647268215067893
975,cg03520471,-0.39646139380923157,0.39646139380923157
976,cg12113132,-0.3963829621654203,0.3963829621654203
977,cg14834260,-0.3963819097383226,0.3963819097383226
978,cg04765439,-0.39628752684602286,0.39628752684602286
979,cg13179916,-0.3960703147654973,0.3960703147654973
980,cg21571060,-0.39605047208843724,0.39605047208843724
981,cg12551695,0.3959958530302593,0.3959958530302593
982,cg01399860,-0.3958743798231943,0.3958743798231943
983,cg18622950,-0.3957200689345367,0.3957200689345367
984,cg21159778,0.39570985463183306,0.39570985463183306
985,cg19433091,-0.39559215198081754,0.39559215198081754
986,cg12762653,-0.395488081744518,0.395488081744518
987,cg11331344,-0.3954023985449206,0.3954023985449206
988,cg17260631,-0.3953844631619271,0.3953844631619271
989,cg17990814,-0.39536087155188804,0.39536087155188804
990,cg02378183,-0.39536073698610263,0.39536073698610263
991,cg24434938,-0.3953462344217801,0.3953462344217801
992,cg11212186,-0.3953089368370806,0.3953089368370806
993,cg07346747,-0.3952467684461032,0.3952467684461032
994,cg26952862,-0.39521166292618265,0.39521166292618265
995,cg12172153,-0.3952087441252724,0.3952087441252724
996,cg21735522,-0.3950901286754704,0.3950901286754704
997,cg03495011,-0.395042560863206,0.395042560863206
998,cg00876127,-0.39501502004544625,0.39501502004544625
999,cg06195193,-0.3950032256670036,0.3950032256670036
