,cpg,gene
0,cg14361627,KLF14
1,cg16867657,ELOVL2
2,cg24724428,ELOVL2
3,cg11649376,ACSS3
4,cg24079702,FHL2
5,cg04875128,OTUD7A
6,cg08097417,KLF14
7,cg00292135,C7orf13
8,cg02046143,IGSF9B
9,cg07553761,TRIM59
10,cg21572722,ELOVL2
11,cg04208403,ZNF423
12,cg23500537,
13,cg08262002,LDB2
14,cg04955333,IQCE
15,cg09809672,EDARADD
16,cg06639320,FHL2
17,cg17621438,RNF180
18,cg22736354,NHLRC1
19,cg22454769,FHL2
20,cg19344626,NWD1
21,cg23744638,
22,cg07850154,RNF180
23,cg08453194,CCND3
24,cg07927379,C7orf13
25,cg19722847,IPO8
26,cg10917602,HSD3B7
27,cg21406967,TRIP6
28,cg09692396,LRRC23
29,cg16762684,MBP
30,cg01763090,OTUD7A
31,cg23078123,GPR177
32,cg25410668,RPA2
33,cg07082267,
34,cg02933228,CDC42BPG
35,cg23606718,FAM123C
36,cg07955995,KLF14
37,cg05331060,
38,cg18651026,COL11A2
39,cg10221746,
40,cg05308819,
41,cg18618815,COL1A1
42,cg18877361,
43,cg12252865,HDAC11
44,cg16932827,
45,cg03883331,ZNF238
46,cg07135942,
47,cg03607117,SFMBT1
48,cg00753885,
49,cg18933331,
50,cg17471102,FUT3
51,cg20010135,HSD3B7
52,cg25256723,F5
53,cg06540876,ZBTB12
54,cg12580096,C19orf57
55,cg11693709,PAK6
56,cg19784428,NWD1
57,cg01256539,PRR16
58,cg04521765,LOXL4
59,cg01314044,
60,cg22285878,KLF14
61,cg01074797,PDZK1IP1
62,cg10943497,MEG3
63,cg03032497,
64,cg19855470,CACNA1I
65,cg00776080,TENC1
66,cg16054275,F5
67,cg23091758,NRIP3
68,cg01552919,GAK
69,cg04581938,
70,cg03404339,KRT7
71,cg00003345,CASZ1
72,cg02025827,HSD3B7
73,cg22796704,ARHGAP22
74,cg04084157,VGF
75,cg10149533,
76,cg17110586,
77,cg09499629,KLF14
78,cg25428494,HPSE
79,cg09748749,ASL
80,cg04503319,ANKRD11
81,cg20249566,NWD1
82,cg25693132,GRM2
83,cg11220950,SYNGR3
84,cg00808969,USP35
85,cg03752138,SOCS3
86,cg09648727,
87,cg15957394,AFAP1
88,cg16008966,
89,cg21186299,VGF
90,cg20273670,
91,cg18725681,FITM2
92,cg22016779,DNER
93,cg01676322,ACBD4
94,cg21296230,GREM1
95,cg26614073,SCAP
96,cg01014399,
97,cg06784991,ZYG11A
98,cg18343474,
99,cg21899500,GRM2
100,cg08234504,
101,cg22452230,
102,cg26535871,MGAT5B
103,cg10616795,
104,cg14651705,SURF2
105,cg01561864,TTYH3
106,cg12934382,GRM2
107,cg06874016,NKIRAS2
108,cg03068319,FAM8A1
109,cg15219685,KIAA1919
110,cg06335143,ZYG11A
111,cg16313758,IQCE
112,cg19761273,CSNK1D
113,cg13817265,SOX5
114,cg00451635,EMP2
115,cg04109092,IQCE
116,cg22437284,SRC
117,cg10947146,XKR6
118,cg03584351,
119,cg12634306,HEYL
120,cg27386529,SCAP
121,cg14042143,IQCE
122,cg09401099,
123,cg07418114,NTRK1
124,cg10608615,KCNIP1
125,cg16540789,LDHD
126,cg00664406,GRM2
127,cg08185105,
128,cg27355006,CTF1
129,cg10978034,
130,cg22193924,FFAR3
131,cg23718736,L3MBTL4
132,cg15903032,
133,cg01974375,PI4KB
134,cg06601581,
135,cg14316305,
136,cg21734356,DLGAP1
137,cg06998765,RPS6KL1
138,cg01844642,GPR62
139,cg06977935,
140,cg12873476,
141,cg00529236,
142,cg24155190,CSRP1
143,cg10979567,COL6A3
144,cg14174378,
145,cg17183905,TRPV4
146,cg14692377,SLC6A4
147,cg07919028,FGF6
148,cg19804488,GALK1
149,cg03289906,PPP1R9A
150,cg27130630,C1RL
151,cg06493994,SCGN
152,cg13823169,
153,cg09863175,
154,cg20532418,
155,cg07202110,WIPF2
156,cg14674720,
157,cg12492496,PIK3R2
158,cg12847013,SCHIP1
159,cg04474832,ABHD14B
160,cg03431918,
161,cg24217948,SETBP1
162,cg20395773,ZBTB38
163,cg13649056,
164,cg00542880,C9orf3
165,cg26134090,OCIAD2
166,cg10453071,DOK4
167,cg27401724,ACBD4
168,cg12851190,
169,cg01557754,FGF11
170,cg09808774,OTOP3
171,cg19399165,EMILIN1
172,cg10179045,HNRNPA3
173,cg06685111,HCG18
174,cg02210934,
175,cg04545079,CTCF
176,cg17243628,SLC2A5
177,cg01560871,C10orf27
178,cg14837598,EPB49
179,cg11076306,LIMCH1
180,cg23553442,
181,cg27367526,STEAP2
182,cg19234983,
183,cg15007228,SKI
184,cg02979457,HOXA2
185,cg24865132,GNPAT
186,cg23466171,
187,cg13683374,GPR142
188,cg05721773,FAIM3
189,cg15704699,NLK
190,cg13295262,
191,cg02453726,PCDH12
192,cg01758588,
193,cg02018902,ANKRD34C
194,cg21117668,BOK
195,cg15730857,ST7OT4
196,cg11751101,C1R
197,cg26350754,HLA-DPB1
198,cg14866547,EYA4
199,cg00754896,LOC283999
200,cg02637086,LTBP4
201,cg04819580,
202,cg20160996,FERMT3
203,cg13858394,
204,cg15246619,FGF17
205,cg21911021,ZIK1
206,cg26158023,CCBP2
207,cg08905130,RAI1
208,cg05668853,RAB34
209,cg22737154,
210,cg20052760,
211,cg07131210,CYP2W1
212,cg11868595,NOTCH4
213,cg19803952,DBNDD2
214,cg21585707,FBXL18
215,cg15763258,FLI1
216,cg06247837,TCAP
217,cg19235307,IFT122
218,cg16729631,
219,cg07718903,FERMT1
220,cg10577534,
221,cg17069437,TSC22D4
222,cg19261426,OBSCN
223,cg01820374,LAG3
224,cg15393490,
225,cg10653131,TNFRSF19
226,cg03613618,PGCP
227,cg10872815,PDE7B
228,cg08827584,COMP
229,cg14010720,PTK6
230,cg19560758,ERRFI1
231,cg10266904,NOMO2
232,cg22030032,EGLN2
233,cg23074453,FRMD5
234,cg06431604,N4BP1
235,cg16612699,OR8B8
236,cg13806070,BMP8A
237,cg26161329,PPM1E
238,cg12708799,DIP2C
239,cg00535618,AJAP1
240,cg04604946,LRRC23
241,cg07181952,ACAP3
242,cg17372101,CNTNAP2
243,cg20067719,SPATA20
244,cg00481951,SST
245,cg20119148,PDE4C
246,cg20822990,ATP13A2
247,cg20747538,
248,cg02158292,ZBTB12
249,cg17879376,BAI2
250,cg04573078,INF2
251,cg17459387,AATK
252,cg01580888,RHPN2
253,cg10443068,
254,cg04733838,IRAK2
255,cg02051553,NMNAT1
256,cg23092086,CES7
257,cg20143092,CD44
258,cg17327630,ZNF212
259,cg07158339,FXN
260,cg07404200,RPS6KA2
261,cg18450832,C5orf42
262,cg11649182,
263,cg09255966,RER1
264,cg24799710,GHR
265,cg17057501,RTKN2
266,cg16554981,
267,cg22958262,C15orf29
268,cg00277397,CALN1
269,cg05624921,GALNS
270,cg01532168,KCNK9
271,cg19583819,NRG2
272,cg19702785,KCNS1
273,cg04096150,GPR176
274,cg21373192,CACNA1G
275,cg16477091,PPM1E
276,cg25371036,AMOTL1
277,cg08322034,ELOVL4
278,cg00297737,MTERFD1
279,cg16686396,PRDM16
280,cg11080062,RARG
281,cg06246357,
282,cg06835483,ALOX12B
283,cg14451791,
284,cg04519462,HRNBP3
285,cg01882991,
286,cg26105731,
287,cg00610692,RTKN
288,cg21493505,ZNF542
289,cg26543112,
290,cg16739054,
291,cg04293526,ITM2C
292,cg18683691,TTLL8
293,cg13385220,LGR6
294,cg00850501,DDX39
295,cg10557584,SLFNL1
296,cg24723731,
297,cg15736994,ACCN5
298,cg03259243,
299,cg05925291,PRPF31
300,cg03326252,IGSF9B
301,cg06567855,
302,cg11314684,AKT3
303,cg01207684,ADCY9
304,cg02286081,HLA-DPB1
305,cg02258972,RPL19
306,cg22416596,
307,cg25424279,
308,cg13836627,TJP1
309,cg15829826,FRMD8
310,cg25933015,BBS9
311,cg22156456,EIF1
312,cg01348004,SYNM
313,cg17687789,
314,cg26235187,KCNJ15
315,cg19370054,CNGA3
316,cg21120249,C9orf139
317,cg23510313,
318,cg02765085,
319,cg11041314,
320,cg09910998,SGCE
321,cg05156137,RCAN1
322,cg04993130,EPS8L2
323,cg05213896,IL4I1
324,cg04308797,SEC14L1
325,cg17287107,SULT1C2
326,cg12622721,
327,cg03669698,GAS2L1
328,cg26364091,CHADL
329,cg11299854,CCNI2
330,cg07573872,SBNO2
331,cg03725309,SARS
332,cg17842066,LPCAT3
333,cg23757461,NEDD4L
334,cg26290632,CALB1
335,cg08646025,POLR2E
336,cg18284590,CLCNKB
337,cg12446246,PLXNA2
338,cg15701612,
339,cg03575969,STARD10
340,cg20294304,HMGA1
341,cg10120897,ZNF469
342,cg05177729,
343,cg00555025,C20orf166
344,cg15356553,MUC2
345,cg07894352,ZNF233
346,cg21937462,C21orf33
347,cg18371102,
348,cg15480367,CHGA
349,cg22748606,
350,cg08369014,DTNB
351,cg06419432,
352,cg12096762,
353,cg04689016,NCRNA00171
354,cg16905207,GIPC1
355,cg13021857,
356,cg21990700,LOC283314
357,cg02650266,
358,cg21229153,
359,cg24469742,STARD13
360,cg01097406,
361,cg05211558,
362,cg26107100,CCDC88B
363,cg05713794,GP5
364,cg27470213,LGALS3BP
365,cg09765586,RUSC1
366,cg00748589,
367,cg05991454,
368,cg15656257,ABCB9
369,cg11623339,MGC29506
370,cg04604666,PGM2
371,cg11970349,GPR78
372,cg12261786,C10orf116
373,cg07064364,GGA1
374,cg21874213,NRG2
375,cg17868924,SHF
376,cg01158574,NTSR2
377,cg25868793,CD276
378,cg20153322,PXN
379,cg17227503,GPS1
380,cg07080372,SLC25A22
381,cg17944263,
382,cg09274658,PFKL
383,cg10052840,SEMA6B
384,cg03269716,SAMD11
385,cg00315394,MGAT4B
386,cg14627538,PRMT2
387,cg02153528,OBFC2B
388,cg19056004,LRRC23
389,cg08407620,
390,cg07290761,
391,cg04984052,MAST2
392,cg18210128,
393,cg01922613,ABCA4
394,cg12619504,SQSTM1
395,cg10904070,LPIN2
396,cg18622870,SYT7
397,cg07460449,TSNAXIP1
398,cg22853140,AANAT
399,cg22109240,KCTD18
400,cg26113593,
401,cg00448560,ZNF423
402,cg07814776,EGFLAM
403,cg01205267,LRCH1
404,cg19816075,OAS3
405,cg01774093,TOPORS
406,cg01428437,TMEM52
407,cg17093466,BTBD19
408,cg19446077,FNDC3B
409,cg25478614,SST
410,cg07436562,ITGB4
411,cg15243578,PITPNM2
412,cg10214640,
413,cg14270193,ASGR1
414,cg26290219,
415,cg26960333,GPC5
416,cg18255764,FAM59B
417,cg16015712,ZYG11A
418,cg14209784,AGAP11
419,cg21563471,ERMN
420,cg02479575,MIR7-3
421,cg00435064,PGS1
422,cg19251242,C1orf38
423,cg16221975,DUSP13
424,cg25554496,GNA13
425,cg02995295,FAM124A
426,cg24212517,GRN
427,cg22158769,LOC375196
428,cg19808285,RALGAPA2
429,cg16491739,
430,cg02063488,FBXO41
431,cg14926216,GPR176
432,cg16509239,AHNAK
433,cg25694397,
434,cg26249857,GAPDH
435,cg07073120,DCXR
436,cg26688678,
437,cg09137838,TSC2
438,cg09133206,CLCN7
439,cg26001590,DHPS
440,cg17761815,IL20RA
441,cg19283196,SLC10A4
442,cg03381669,ELMOD3
443,cg00898157,
444,cg21296320,ZEB2
445,cg08856529,KCNK9
446,cg25378792,POLE
447,cg01123518,NUBP1
448,cg23995914,ZNF518B
449,cg05042708,CALHM2
450,cg22793136,PLXNC1
451,cg18450072,LOC344967
452,cg02088166,PLEKHG4B
453,cg23877906,
454,cg01910639,S100A6
455,cg06428288,PIR
456,cg07150045,KCNH7
457,cg19325985,HOXD13
458,cg01624128,GLT1D1
459,cg06269919,LRP1
460,cg06627334,PCDH12
461,cg26785230,FAM96B
462,cg09321430,
463,cg21737698,KCNH2
464,cg13687935,MYT1L
465,cg17367948,
466,cg08390732,POP4
467,cg02538597,ARPC3
468,cg22951408,CNIH
469,cg24727203,PPP1R3B
470,cg18415585,
471,cg17939805,
472,cg02900766,ALDH1A2
473,cg18097189,GPR149
474,cg19518426,
475,cg14750543,RASSF2
476,cg08190844,TBC1D24
477,cg03699958,GTF2IRD1
478,cg06527213,KLHL25
479,cg06575763,NANP
480,cg18735473,BRUNOL4
481,cg25609284,BLCAP
482,ch.2.418803R,
483,cg02169289,BCOR
484,cg04981696,ABCC1
485,cg14078687,CEL
486,cg22224628,CCDC102B
487,cg02204618,
488,cg13273097,RAP2B
489,cg04170948,
490,cg00619231,ZNF770
491,cg02035603,ARL15
492,cg09745864,TRAPPC9
493,cg04784101,RHOD
494,cg01447828,PRX
495,cg17662369,TBC1D9B
496,cg08713098,ZCWPW1
497,cg07464578,NFAM1
498,cg25132510,PLCE1
499,cg20200335,KRT74
500,cg23283236,PAK4
501,cg10454879,
502,cg09277086,
503,cg10315993,CENPA
504,cg18487309,TBC1D9B
505,cg03236725,SLCO3A1
506,cg24436365,
507,cg00383793,CACNA2D2
508,cg05161602,GJA8
509,cg12792157,MYCBP
510,cg15297650,TMEM163
511,cg05329352,ADRA2A
512,cg00736984,PLEC1
513,cg13273236,
514,cg27490404,C2orf85
515,cg05617127,ARHGAP19
516,cg23192899,CCDC104
517,cg02181963,CARS2
518,cg04052934,
519,cg18460175,ETV2
520,cg03783058,ATRN
521,cg04076503,SPEF2
522,cg26021714,RNASE2
523,cg12899747,
524,cg04637704,LOC286016
525,cg01815538,PRDM13
526,cg22542955,PTPRS
527,cg13913247,SCOC
528,cg21064333,
529,cg00554421,INTS1
530,cg04980928,LRTM2
531,cg13683301,
532,cg12976793,
533,cg08764925,TOLLIP
534,cg21567504,OCA2
535,cg19465002,
536,cg20744943,CTXN3
537,cg14034476,C19orf28
538,cg03240059,
539,cg24024661,HMHA1
540,cg16882373,NFE2L3
541,cg25748521,HIPK2
542,cg03995156,PPT2
543,cg27586378,SULT2B1
544,cg09802688,TRAF3IP3
545,cg00512917,
546,cg24084836,POMT2
547,cg23946844,
548,cg15125438,TPCN1
549,cg02505099,SEMA5B
550,cg25084851,SLC9A3
551,cg00373279,ILF3
552,cg18501647,PRRT1
553,cg23545458,POLE
554,cg18783055,
555,cg04150954,ZMIZ1
556,cg22735650,THSD4
557,cg13450708,HTR5A
558,cg23753748,CALHM2
559,cg18459342,TPD52
560,cg13487667,CCDC92
561,cg14319235,ELTD1
562,cg19512693,FLT1
563,cg04359880,C13orf1
564,cg18363008,TM4SF5
565,cg15626112,
566,cg11003009,HMGCR
567,cg01797043,RPL3L
568,cg01661001,UBE2C
569,cg25793051,
570,cg03791450,
571,cg06632821,NPR1
572,cg13761419,
573,cg22104487,AP3M2
574,cg23669043,CTSF
575,cg13639016,MLANA
576,cg11140287,
577,cg26808852,LOC399959
578,cg01360115,
579,cg06506598,FAM151B
580,cg13586051,DNASE1L3
581,cg24796554,FLI1
582,cg04515913,ISG20
583,cg00226143,HACL1
584,cg27655512,
585,cg06623197,MTMR3
586,cg13798746,TNXB
587,cg10872107,TNXB
588,cg27281191,
589,cg13469145,LPAR2
590,cg09241332,ZIC1
591,cg00329615,IGSF11
592,cg02353937,RIBC1
593,cg02020483,
594,cg12584450,BTBD2
595,cg26785303,
596,cg05734877,CARS2
597,cg27157038,DNTT
598,cg09356083,PLCH2
599,cg15222215,GNAS
600,cg26833936,
601,cg06155710,TLR5
602,cg07063890,ZNF469
603,cg07103618,GJC2
604,cg20436810,MIR711
605,cg14321542,
606,cg01434349,SLC37A4
607,cg23528168,MBLAC2
608,cg03186436,
609,cg01883408,CCNI2
610,cg04548926,
611,cg08622677,PRMT8
612,cg04587910,NHEJ1
613,cg15299997,UGT1A5
614,cg27236242,CEP68
615,cg02301740,
616,cg12210363,RCAN1
617,cg21922223,
618,cg25521481,TTBK1
619,cg12555646,COX7A2
620,cg20025238,SMO
621,cg09363342,
622,cg11951909,NCAPG2
623,cg07974823,CRYL1
624,cg13567378,ACO1
625,cg04925841,SOX5
626,cg08800497,CSNK1G2
627,cg22112832,
628,cg02568911,ACOT7
629,cg02553054,SMARCD1
630,cg26220033,SNX24
631,cg08167110,FAM160A1
632,cg23892690,BZW1
633,cg15001747,
634,cg21082400,
635,cg04745408,MID2
636,cg13849525,NANOS2
637,cg00462994,NAGS
638,cg14218089,
639,cg19493446,
640,cg20916483,FAM160A2
641,cg01713950,RCC2
642,cg15775779,EDAR
643,cg16117605,
644,cg07912453,LOC145814
645,cg10140240,BIRC5
646,cg02644734,NOMO3
647,cg04501188,FOXD2
648,cg05888551,
649,cg06707978,ZIK1
650,cg02364408,C19orf44
651,cg24187051,ZNRD1
652,cg03213374,
653,cg19333883,ADAMTS15
654,cg27029518,CNDP2
655,cg16273597,CD83
656,cg00087153,
657,cg18086243,
658,cg26400300,EIF3J
659,cg14380230,PRDM16
660,cg03541791,
661,cg19025497,SIL1
662,cg14384930,SHB
663,cg21008399,CD63
664,cg09045552,LASS6
665,cg18365383,
666,cg13751692,
667,cg11064966,
668,cg15849154,FOXK2
669,cg01620757,MED11
670,cg09132790,ZNF423
671,cg00138041,PRDM8
672,cg11673687,SLC9A1
673,cg19841653,HK1
674,cg16395614,GRK5
675,cg01310330,ELFN1
676,cg12983285,PTK6
677,cg05010623,ACVR1C
678,cg13844237,MAPKAP1
679,cg24597705,FBXO6
680,cg11848487,C6orf138
681,cg19458233,LNP1
682,cg08507975,
683,cg04947339,
684,cg10591771,PIP5K1C
685,cg24000937,ODF3L2
686,cg05442902,MGC16703
687,cg02583418,POU3F3
688,cg18105529,DNAH2
689,cg16002441,PPFIA3
690,cg15436451,
691,cg24853724,TRIL
692,cg27324426,ZNF154
693,cg24260156,
694,cg26597727,DENND1C
695,cg02133098,C2CD4C
696,cg22811030,TEX11
697,cg11528029,CLCNKA
698,cg19138960,CD93
699,cg00366412,CD300C
700,cg07779313,
701,cg03211864,BTBD16
702,cg07089783,ZEB1
703,cg04539155,TMEM120B
704,cg05502464,NIPA1
705,cg04586748,ZBTB16
706,cg03726785,SIRPD
707,cg03539382,
708,cg19395441,C12orf43
709,cg20915802,DENND3
710,cg22933469,C3orf31
711,cg22156842,TMEM22
712,cg19273694,MFSD2B
713,cg14305711,COMMD1
714,cg09011945,MAPKAPK2
715,cg11624085,MYH10
716,cg00533215,PNO1
717,cg22053452,RASGRP3
718,cg04060128,TGFB1I1
719,cg09026448,
720,cg14079173,DEK
721,cg08243778,PPP2R5A
722,cg01803759,
723,cg23368715,C1R
724,cg13794009,DDAH2
725,cg26322591,TMEM132D
726,cg10001186,
727,cg00171290,C7orf50
728,cg08478189,KLF7
729,cg22265644,NKX2-2
730,cg18800918,SCN5A
731,cg05152432,NADK
732,cg04100696,DKK3
733,cg06112349,
734,cg03976754,FNDC5
735,cg03771832,
736,cg03671148,CGB1
737,cg23713079,
738,cg13557373,
739,cg16511225,SIGLEC10
740,cg13574488,EMX2
741,cg04157587,
742,cg10833685,
743,cg25375757,TNXB
744,cg22989649,UNC13A
745,cg24404823,ZNF496
746,cg07382308,
747,cg21067905,
748,cg09052083,XKR6
749,cg18604199,PPARGC1B
750,cg14247008,
751,cg04518195,LRRC4B
752,cg06029905,INS-IGF2
753,cg15568617,
754,cg09342225,
755,cg07447868,NHS
756,cg02094237,HIST4H4
757,cg12412075,LIN7B
758,cg00869215,CLK2P
759,cg10902549,PAOX
760,cg24384437,CGNL1
761,cg05992368,PRPF8
762,cg16513855,PELI1
763,cg20595268,NCOR2
764,cg03619075,PRR25
765,cg17016242,LZTS1
766,cg05524767,C7orf50
767,cg05059843,DPEP1
768,cg07294814,GLI4
769,cg06079495,
770,cg00112929,PYHIN1
771,cg13134607,KIAA1797
772,cg19718508,F12
773,cg08503285,GAK
774,cg24020215,NRXN3
775,cg09235308,PLEC1
776,cg24266624,POLE
777,cg06324021,PRCC
778,cg27660720,STK39
779,cg06269753,MSC
780,cg03901886,SLC25A33
781,cg09980771,ANKFN1
782,cg20577663,CDRT4
783,cg25849038,TMCO3
784,cg05348706,C9orf3
785,cg04951819,CCDC77
786,cg13617301,JAG2
787,cg00108349,
788,cg09760889,SCN4A
789,cg12765028,
790,cg24195878,MAST3
791,cg24043628,
792,cg00786084,CCR9
793,cg23048051,BST1
794,cg21868031,CD46
795,cg10003048,CYP4F11
796,cg06149853,TRADD
797,cg16312496,
798,cg03623386,EZH1
799,cg08949408,C1QL3
800,cg15764058,MAGI1
801,cg01274846,ZFP92
802,cg00549412,SLC37A1
803,cg06399135,SLC8A2
804,cg17788362,SYNCRIP
805,cg17859448,S1PR1
806,cg05302350,MAML3
807,cg02838118,C1orf103
808,cg12642815,TNIP1
809,cg21674927,IL1R2
810,cg19218509,ASIP
811,cg21800232,ANKRD34B
812,cg04377288,SFTA2
813,cg26137478,OSR2
814,cg02656873,
815,cg24806732,EFNB3
816,cg09164913,
817,cg27489681,LRIT1
818,cg02970836,
819,cg12670525,PARP6
820,cg13944685,IL18BP
821,cg05191655,
822,cg11726150,SLC44A4
823,cg17188384,MBNL2
824,cg03318654,CD8A
825,cg09636313,
826,cg08099626,OR3A4
827,cg16448636,
828,cg20074859,NDUFS7
829,cg08337633,VOPP1
830,cg05121480,SST
831,cg23730558,XKR6
832,cg24789434,LRPAP1
833,cg09645331,ERCC4
834,cg20795889,HPCAL1
835,cg16612562,RASL10A
836,cg19760917,PLCH2
837,cg07099245,BCOR
838,cg00300216,CMPK2
839,cg14647944,
840,cg25782835,CEP97
841,cg08426733,VWA1
842,cg04361926,
843,cg08891933,
844,cg17095171,
845,cg03484438,ANKRD11
846,cg21882300,
847,cg12018140,PRDM6
848,cg04968532,
849,cg12260146,PDCD6IP
850,cg18089852,PDE8B
851,cg19655006,SLC25A12
852,cg06409824,HLA-L
853,cg25399162,BRUNOL4
854,cg06943835,ATG2A
855,cg08687137,B3GAT3
856,cg19244655,
857,cg17232357,SMAD6
858,cg24931584,RASA3
859,cg15350652,C6orf94
860,cg24239420,PALLD
861,cg26785447,
862,cg24328944,DZIP1
863,cg06289725,CHRM1
864,cg22110267,ARRB1
865,cg27550498,MED12
866,cg16524193,TBC1D23
867,cg11425149,CALD1
868,cg04766061,
869,cg20291436,PITX2
870,cg04373587,TRAPPC2
871,cg22162314,CSH2
872,cg27320127,KCNK12
873,cg11186858,
874,cg11999571,
875,cg07502661,
876,cg03330058,ABTB1
877,cg01950129,ARID3A
878,cg20608100,LRFN1
879,cg17116170,OR1M1
880,cg09593291,
881,cg16810343,SRRM3
882,cg17311683,
883,cg00423124,C13orf31
884,cg04247530,PLEC1
885,cg01039429,TRAF3
886,cg06079742,GUCY2D
887,cg03572680,ROBO4
888,cg03554286,IGF2BP2
889,cg26575450,
890,cg09140232,
891,cg05098880,MYH3
892,cg18069144,
893,cg12635937,
894,cg10206073,
895,cg00961940,TIMP2
896,cg06008062,PLEKHB1
897,cg05392644,IDH3A
898,cg24598449,FBXO6
899,cg13755776,
900,cg01289290,
901,cg13563094,BAIAP2
902,cg21089667,HLTF
903,cg27537600,SPAG1
904,cg24939838,PRDM16
905,cg20250722,HCG11
906,cg10567964,KLHDC8A
907,cg18412834,FLJ16779
908,cg03465513,
909,cg06883934,ARSF
910,cg27169020,BNC1
911,cg03292743,C2orf81
912,cg13676763,FAM125B
913,cg19333114,BCL11A
914,cg26164310,LPPR4
915,cg14209949,
916,cg15076663,ARHGEF10L
917,cg21475150,RPL31
918,cg05493679,MTX2
919,cg00532667,
920,cg01404750,ATP11A
921,cg00743412,FLJ30058
922,cg22855993,FAM131C
923,cg17198123,EXOC4
924,cg19695041,TACC1
925,cg12126423,
926,cg12813802,PTDSS1
927,cg16385335,IL18BP
928,cg22439783,GSTM4
929,cg01003902,SAFB2
930,cg14258877,
931,cg19435188,
932,cg09676684,VWCE
933,cg01624081,MAP3K9
934,cg23060456,CACNB4
935,cg23982527,CHID1
936,cg25881985,MGMT
937,cg22536150,CHST2
938,cg03263730,
939,cg24699097,RAB11FIP4
940,cg19924335,C7orf30
941,cg02712399,
942,cg13141289,SECISBP2L
943,cg18845578,HDAC4
944,cg21113318,RIN3
945,cg15298486,BLOC1S2
946,cg13148563,SRPX2
947,cg12494180,
948,cg15645254,NAALAD2
949,cg23060384,
950,cg12113984,
951,cg27466104,
952,cg16529034,RNASE8
953,cg05486213,MPPED2
954,cg14316660,
955,cg17232476,SORL1
956,cg10239449,CYP2F1
957,cg20495333,INHBB
958,cg15706223,TNFRSF18
959,cg06785624,PLEC1
960,cg25955850,TRRAP
961,cg26068413,REEP5
962,cg00235442,PTPRN2
963,cg23564243,LOC100271722
964,cg01644611,OXT
965,cg20994227,ZFPM2
966,cg23323341,
967,cg00406022,C6orf25
968,cg25123866,PYGM
969,cg08475266,THOC7
970,cg20638626,
971,cg23912217,LOC219347
972,cg02454131,C1orf213
973,cg16321524,HMGB3L1
974,cg23679332,
975,cg01821656,MYT1L
976,cg27319971,C4orf44
977,cg06987944,BAT5
978,cg18838133,CFC1B
979,cg13316854,HOXD3
980,cg20950843,CYB5R3
981,cg09489090,ABAT
982,cg20741105,C7orf44
983,cg02804341,TWF1
984,cg05038582,C10orf90
985,cg16569273,
986,cg03829734,MARCH11
987,cg18450254,PRICKLE2
988,cg15400593,IL31RA
989,cg13414044,RNF170
990,cg07151966,
991,cg04671742,LAG3
992,cg18050291,RASD1
993,cg13726878,CACNA2D4
994,cg03691549,TENC1
995,cg01652514,RASA3
996,cg09351623,CHTF18
997,cg01900358,LPCAT1
998,cg08978399,C3orf21
999,cg11344744,SEMA4C
1000,cg19833103,LRCH1
1001,cg25974380,
1002,cg19711579,NEUROD1
1003,cg01400884,
1004,cg24338780,CACYBP
1005,cg03072762,
1006,cg03490148,CYP2W1
1007,cg12346592,
1008,cg19712123,KIAA1383
1009,cg04926361,SFTA3
1010,cg17816637,SLC7A4
1011,cg07086112,RHOBTB2
1012,cg05372260,SMCHD1
1013,cg04457317,
1014,cg00516067,COL9A3
1015,cg14275281,PLCD3
1016,cg06102775,
1017,cg08525845,DBX1
1018,cg01550055,
1019,ch.2.30415474F,
1020,cg04453050,GRM2
1021,cg20315133,AGAP1
1022,cg23784132,TRIM15
1023,cg20858577,PPP1R11
1024,cg18391427,MMP28
1025,cg14640772,PLEKHG4B
1026,cg06257983,
1027,cg19429323,
1028,cg05760107,
1029,cg01688688,PCDHB18
1030,cg03740221,SPG7
1031,cg02532293,WHSC2
1032,cg01738984,MRGPRG
1033,cg05289022,TMEM131
1034,cg14202146,FBXL15
1035,cg04765420,LOC285830
1036,cg12813711,
1037,cg12280407,KCTD12
1038,cg14293223,GFI1B
1039,cg00400104,FLJ43663
1040,cg02030908,THRA
1041,cg00850868,
1042,cg21157904,TRIM14
1043,cg25333529,LIMK1
1044,cg19529709,TOP1P2
1045,cg26171898,
1046,cg03001012,GALNT8
1047,cg14953536,
1048,cg07298431,PRDM10
1049,cg23046847,
1050,cg00917156,KIFC3
1051,cg03181117,SCARF1
1052,cg17327406,WFS1
1053,cg24391460,MAGI2
1054,cg21315000,PIAS2
1055,cg20329047,BOP1
1056,cg17670890,PCDH24
1057,cg09471916,
1058,cg20872639,PHF1
1059,cg10959428,BCAS4
1060,cg13185030,LGALS3
1061,cg05949660,MICAL1
1062,cg15417149,GPR137
1063,cg10165474,
1064,cg17684657,SYCP2L
1065,cg11234328,UTF1
1066,cg23741520,BNC1
1067,cg12137450,C8orf58
1068,cg23361092,
1069,cg15006843,NUCKS1
1070,cg02617428,PTPRN2
1071,cg06440373,TSPAN17
1072,cg13175060,ERICH1
1073,cg03276022,TAGLN
1074,cg25219643,CCDC81
1075,cg04828714,
1076,cg19732625,TDRD12
1077,cg21170820,GPR133
1078,cg23995666,MIR548I2
1079,cg05816442,ANO6
1080,cg14807793,
1081,cg03662545,
1082,cg07061914,
1083,cg08081407,ARF4
1084,cg26613742,PRKACA
1085,cg17442269,
1086,cg13397379,OR2C3
1087,cg17833197,
1088,cg13897882,SYK
1089,cg11357746,TBX5
1090,cg09353705,KANK4
1091,cg08550421,PCDHA7
1092,cg25394572,OR8U8
1093,cg25007484,
1094,cg11798521,IL13
1095,cg13207250,NFATC1
1096,cg17933936,ITPKB
1097,cg14002622,CDK5R2
1098,cg11495430,
1099,cg03387103,LETM1
1100,cg02806733,ITM2C
1101,cg20641798,RTN4RL1
1102,cg12990639,
1103,cg12532001,DLEU2
1104,cg00011284,RBL2
1105,cg13567986,MTF1
1106,cg20175702,
1107,cg03513964,C1orf173
1108,cg24996814,
1109,cg02931729,
1110,cg25782440,MAP2K7
1111,cg03113285,ENPP4
1112,cg24083367,SLC9A8
1113,cg26158194,LSP1
1114,cg04774110,TBCD
1115,cg14513218,HSPB6
1116,cg16474118,
1117,cg18318560,P4HA2
1118,cg24040595,HOXA6
1119,cg23687677,CNP
1120,cg12935937,RASSF2
1121,cg10471976,RUNDC3A
1122,cg26671120,TMEM195
1123,cg01263877,
1124,cg08489410,GHRL
1125,cg01894498,
1126,cg16374319,
1127,cg02851034,FGGY
1128,cg18568748,NCAPD3
1129,cg00446087,HTRA3
1130,cg17190891,SH2B2
1131,cg07391392,ADCY2
1132,cg08894401,CLPTM1L
1133,cg21291759,
1134,ch.5.12588653R,
1135,cg08425745,CFL1
1136,cg01278873,ZNF233
1137,cg13694867,SIM2
1138,cg01302201,KIAA0182
1139,cg12999098,RBM4B
1140,cg11200644,LOC400657
1141,cg11743528,
1142,cg12163871,PRKD2
1143,cg18054632,MYADM
1144,cg14927712,
1145,cg24159014,ATP1A4
1146,cg00602326,RNASEN
1147,cg22328256,
1148,cg12421513,RHD
1149,cg26954533,ZNF266
1150,cg22515303,GTDC1
1151,cg04081899,ZNF346
1152,cg25879836,TAF10
1153,cg02569473,
1154,cg21962907,
1155,cg02951695,INPP5A
1156,cg03350900,SOBP
1157,cg15997411,JAK1
1158,cg20856181,IQCE
1159,cg00058291,
1160,cg22809047,RPL31
1161,cg02254574,ACCN1
1162,cg18013249,
1163,cg21381511,SUFU
1164,cg11987231,TMEM61
1165,cg02105326,HES6
1166,cg09262230,TMEM181
1167,cg05664421,ZFYVE28
1168,cg22758916,PLA2G4E
1169,cg09935228,ZNF704
1170,cg25471715,C8orf31
1171,cg14295357,LLGL2
1172,cg13960126,CRB3
1173,cg14547028,FAM69B
1174,cg11664861,PSME4
1175,cg21672057,KIAA2022
1176,cg02053807,C20orf166
1177,cg15448975,CRMP1
1178,cg05024939,
1179,cg13208845,KNDC1
1180,cg08509032,
1181,cg26088662,ADRA1B
1182,cg03222179,
1183,cg14137558,UTP14A
1184,cg16536330,LEPROTL1
1185,cg20669012,
1186,cg13962866,DKFZp686A1627
1187,cg01647942,USP10
1188,cg26734350,GPR56
1189,cg00495352,RFXANK
1190,cg18664965,CHST13
1191,cg00446803,FAM83H
1192,cg15531272,
1193,cg05772319,RGS11
1194,cg23924887,ATP8B2
1195,cg12539171,C1orf151
1196,cg16987606,GPRC5C
1197,cg15243570,SCARF2
1198,cg09070101,WDR37
1199,cg14652131,LOC100130872-SPON2
1200,cg02254885,
1201,cg18369990,FBLN7
1202,cg13420744,DHRS3
1203,cg11874323,C3orf52
1204,cg01532284,FAM71E2
1205,cg02771392,ZNF273
1206,cg17200441,KRT83
1207,cg05668205,MED26
1208,cg17684850,CHCHD6
1209,cg16516785,
1210,cg20995450,
1211,cg06472423,
1212,cg25153759,VENTX
1213,cg01640711,ZFYVE1
1214,cg24657816,
1215,cg11553654,TTC28
1216,cg22921579,RRP12
1217,cg05664317,
1218,cg07464025,BEND7
1219,cg25289431,USP6
1220,cg19357178,PWP2
1221,cg23178809,FBXO25
1222,cg08490663,
1223,cg17101285,TROAP
1224,cg13278890,LOC441208
1225,cg07509992,
1226,cg20772596,HCCA2
1227,cg21197958,SRCIN1
1228,cg24654385,MOSPD1
1229,cg26080798,E2F3
1230,cg20147550,GRAPL
1231,cg18675616,WHSC1
1232,cg02760218,EHMT2
1233,cg13749939,SLC25A22
1234,cg26435109,KIAA0284
1235,cg01983759,MED16
1236,cg27160578,
1237,cg20056593,
1238,cg03262554,
1239,cg21357247,
1240,cg17932836,COPS7B
1241,cg19893132,
1242,cg15058210,HDAC4
1243,cg20189623,PDRG1
1244,cg19910200,TMEM190
1245,cg05217050,DLGAP4
1246,cg27340283,PRDM11
1247,cg22593177,C10orf58
1248,cg22331159,INPP5D
1249,cg21506059,HELZ
1250,cg03004599,SUSD1
1251,cg12053291,SCARB1
1252,cg13951796,FAM101B
1253,cg05800416,CSGALNACT1
1254,cg15184386,TMEM22
1255,cg18759209,BMP7
1256,cg14502659,
1257,cg23196756,EIF4EBP2
1258,cg11795680,
1259,cg14028671,NPDC1
1260,cg08459368,SCGB2A1
1261,cg25892640,PRPS2
1262,cg02426836,TRPM5
1263,cg20757073,GABBR1
1264,cg03198176,UGT1A5
1265,cg03261929,
1266,cg05794117,OBSCN
1267,cg10812186,TNXB
1268,cg08160331,KLHL35
1269,cg24416910,
1270,cg11524260,LOC645332
1271,cg25510895,ITGA2B
1272,cg00407040,FRMD4A
1273,cg09850632,RAB4A
1274,cg25369980,ENC1
1275,cg26477573,EPHX3
1276,cg04555735,DSN1
1277,cg06272038,ASCL2
1278,cg16632159,
1279,cg07139440,CDC42SE1
1280,cg08142858,
1281,cg11681219,TOMM20
1282,cg00954541,PMVK
1283,cg10288525,
1284,cg09736286,DIABLO
1285,cg05376738,NSL1
1286,cg00599273,CDK4
1287,cg06106948,
1288,cg04211790,LRTM1
1289,cg10406027,ZC3H7A
1290,cg01903503,KAT2A
1291,cg05923226,CCDC105
1292,cg14047361,GPS1
1293,cg20984994,
1294,cg20491838,FOXC1
1295,cg01661567,LETM1
1296,cg12217778,PORCN
1297,cg00771653,CHCHD10
1298,cg09552123,SMCP
1299,cg21621538,MPP6
1300,cg04736911,TEX261
1301,cg01904812,RCC2
1302,cg04164838,GIPC1
1303,cg07202479,DARC
1304,cg10550816,TAP1
1305,cg16268563,ATP6V1G2
1306,cg02365945,LOC407835
1307,cg00777895,SRP9
1308,cg08701183,
1309,cg15903624,NPTX2
1310,cg09212597,
1311,cg12046288,TRIM26
1312,cg23263226,SLC26A11
1313,cg00345025,
1314,cg02249938,
1315,cg18009321,LOC284798
1316,cg20215148,
1317,cg06853836,
1318,cg04788999,ISG15
1319,cg09652977,
1320,cg26077283,GDNF
1321,cg01544812,MGC87042
1322,cg23124451,CBX7
1323,cg23027580,CRH
1324,cg26003388,TMC8
1325,cg11802511,
1326,cg17500202,KIF1A
1327,cg19241878,C17orf73
1328,cg03004985,ALS2CL
1329,cg12142346,
1330,cg06047773,PDCD6
1331,cg02852238,SPTBN5
1332,cg06799664,DNAH17
1333,cg02026948,PTGER4
1334,cg23771929,FREQ
1335,cg14373068,HCCA2
1336,cg06142740,PPP1CB
1337,cg03523740,TXLNA
1338,cg04959790,NR1H3
1339,cg22163854,SHC2
1340,cg04756597,
1341,cg12948524,
1342,cg04831795,SEMA3C
1343,cg03222374,
1344,cg03095607,MYT1L
1345,cg10804656,
1346,cg19251564,
1347,cg09846177,
1348,cg27324128,MCF2L2
1349,cg13821914,
1350,cg15790767,GFOD1
1351,cg16037711,
1352,cg23004625,PIGM
1353,cg04576021,HLA-DOB
1354,cg05969378,DUSP27
1355,cg10982683,
1356,cg10247798,ABHD14B
1357,cg07714476,
1358,cg24682801,FARP1
1359,cg26921969,
1360,cg13715502,PTPN3
1361,cg11269254,
1362,cg02336143,PCDHGB4
1363,cg05333149,RHBDD3
1364,cg08438705,SBNO2
1365,cg25726549,SCHIP1
1366,cg23301140,CTDP1
1367,cg08494390,AFF1
1368,cg09038267,C10orf26
1369,cg09233161,
1370,cg00787780,
1371,cg07003055,CDC25B
1372,cg06698707,C19orf21
1373,cg00294382,IL23A
1374,cg16854826,ZMIZ1
1375,cg07760773,LTB4R2
1376,cg06524264,C20orf96
1377,cg09915978,MLF2
1378,cg25511429,NRN1
1379,cg02395127,LMAN1L
1380,cg10727820,
1381,cg03990811,MICA
1382,cg25235068,GFRA2
1383,cg12834730,ATG16L1
1384,cg01750172,CAMK1D
1385,cg08650320,C6orf64
1386,cg18484068,LPCAT1
1387,cg18044572,CAMK2B
1388,cg00477017,MFI2
1389,cg00330789,NIPAL2
1390,cg16835097,MIF4GD
1391,cg06273010,MCAM
1392,cg18865207,LY9
1393,cg06564069,
1394,cg11750592,
1395,cg25501224,
1396,cg08162976,
1397,cg23649631,GPR123
1398,cg02145593,NCKIPSD
1399,cg04428320,
1400,cg03013070,PLCE1
1401,cg01649334,NFKBIZ
1402,cg04279164,GUCY1A2
1403,cg10390228,SF1
1404,cg14626259,SIM2
1405,cg12710538,MYO18A
1406,cg01148014,
1407,cg23779626,
1408,cg12807330,PCDH24
1409,cg25413977,
1410,cg27109461,EMID2
1411,cg03318937,SLMO1
1412,cg24737468,PAK3
1413,cg18459239,PAIP2
1414,cg07411754,
1415,cg07555290,RPL36AL
1416,cg12114260,
1417,cg05925497,FLJ32810
1418,cg21241424,CCDC33
1419,cg09374173,
1420,cg05305327,CBFA2T2
1421,cg18839750,PCDHGA2
1422,cg10260192,
1423,cg14767647,NUP153
1424,cg03469766,
1425,cg19255053,FAM129A
1426,cg01757209,RBMS1
1427,cg07388493,NDUFS5
1428,cg13087943,
1429,cg26153045,ELN
1430,cg15466030,ATAD3B
1431,cg10174091,FKBP1B
1432,cg04860157,PPIL1
1433,cg13425938,EGFL7
1434,cg03468541,ZC3H14
1435,cg01356950,WIPF1
1436,cg02786056,SULF1
1437,cg01834573,UTRN
1438,cg09899215,LDHD
1439,cg11381281,ZNF784
1440,cg22927302,SEMA3B
1441,cg03933990,
1442,cg12423482,KLHL34
1443,cg24032249,
1444,cg02862674,TMEM151B
1445,cg14106046,B3GNTL1
1446,cg24020986,
1447,cg12466669,
1448,cg09125127,
1449,cg16692923,NR3C2
1450,cg20461538,HIST2H2AC
1451,cg17546196,TSNARE1
1452,cg18562525,NEURL4
1453,cg01826897,SNX25
1454,cg18297442,
1455,cg11197418,SUCLG2
1456,cg02926005,ZNF593
1457,cg25897251,SOAT2
1458,cg26419091,LAGE3
1459,cg11412876,FYN
1460,cg04723632,LOC729082
1461,cg09935271,YJEFN3
1462,cg04973839,ODZ3
1463,cg07712892,
1464,cg15584954,DIP2C
1465,cg25006249,C20orf96
1466,cg05081144,
1467,cg07742396,
1468,cg00788375,TRAPPC5
1469,cg27178677,PLCB1
1470,cg14001914,SEL1L3
1471,cg01524278,
1472,cg21578195,PTK6
1473,cg25956062,
1474,cg01805890,BCAR1
1475,cg15035713,TEP1
1476,cg22053765,ITSN2
1477,cg06931612,
1478,cg25598890,TESC
1479,cg03307169,
1480,cg10597558,
1481,cg21900829,AGAP3
1482,cg03643998,C1QTNF1
1483,cg11995801,DIS3L2
1484,cg13951862,NOTCH1
1485,cg00661947,
1486,cg23149472,PAN2
1487,cg27108629,
1488,cg05569109,GALNT3
1489,cg18808904,BTBD3
1490,cg07124956,
1491,cg23406815,
1492,cg10672726,AP2S1
1493,cg01931502,SDHC
1494,cg16630369,MAST4
1495,cg03696126,
1496,cg03898802,DOPEY2
1497,cg03140624,LYST
1498,cg07931844,NR2E3
1499,cg16882301,PLEKHA7
1500,cg15809217,BAT3
1501,cg15774040,NCRNA00164
1502,cg22734315,ATMIN
1503,cg24582925,VPS53
1504,cg25176823,FSCN1
1505,cg06190759,
1506,cg04324821,
1507,cg08468322,
1508,cg03321222,
1509,cg00841725,MCF2L
1510,cg15428620,SFXN3
1511,cg00210016,SLC5A10
1512,cg14375799,TMEM141
1513,cg19960827,ING3
1514,cg23202985,
1515,cg01970322,HSD17B8
1516,cg24351916,SNORA62
1517,cg12257344,CLIC1
1518,cg27652459,ARHGAP1
1519,cg19020666,
1520,cg09394391,
1521,cg06419846,CD248
1522,cg26126740,TOX2
1523,cg08866865,SPATS2L
1524,cg15454357,PORCN
1525,cg17301379,
1526,cg08425187,
1527,cg17833066,RAB11FIP4
1528,cg10467022,CALCA
1529,cg09465149,ALDH18A1
1530,cg10585962,MOGAT2
1531,cg01604994,AGAP1
1532,cg01666490,NCALD
1533,cg21159778,DFNB31
1534,cg11832281,CUGBP2
1535,cg26351354,IQSEC2
1536,cg24698875,RAPGEF3
1537,cg21627202,PLXNB2
1538,cg23835219,CTBP1
1539,cg14321936,MAPKAPK3
1540,cg19351603,
1541,cg01203828,MACROD1
1542,cg05891007,SHD
1543,cg18033628,RAI1
1544,cg19796974,WDR88
1545,cg19513282,PRIC285
1546,cg15128849,HHLA3
1547,cg05342634,LOC348840
1548,cg23950767,PIWIL3
1549,cg00443094,
1550,cg24502084,ROBLD3
1551,cg04480386,CDH12
1552,cg00478390,NOS3
1553,cg09434500,GRIK5
1554,cg11270656,GPIHBP1
1555,cg11081833,LGALS2
1556,cg01365117,PLEKHM3
1557,cg12379720,TRIOBP
1558,cg21720802,PELI3
1559,cg13778519,INADL
1560,cg07091481,C10orf58
1561,cg16347155,NAGLU
1562,cg19051416,
1563,cg24795093,TBC1D9B
1564,cg02250594,ONECUT2
1565,cg06477056,HRH2
1566,cg04596060,RBM19
1567,cg21373996,DIP2C
1568,cg23914149,
1569,cg16935707,CADM1
1570,cg07487572,ENPP6
1571,cg16960291,NFATC1
1572,cg07547549,SLC12A5
1573,cg20009101,psiTPTE22
1574,cg03338933,PSTPIP1
1575,cg09701700,MIR146B
1576,cg13481974,SPTBN5
1577,cg27571196,PKP1
1578,cg24283019,
1579,cg24434387,
1580,cg19084427,MORN1
1581,cg18018890,
1582,cg04992521,
1583,cg08120035,
1584,cg26161708,RRBP1
1585,cg25714096,ORC2L
1586,cg26927634,CBFA2T3
1587,cg03399905,ANKRD34C
1588,cg04836038,DOCK9
1589,cg10002915,
1590,cg26884581,PYGM
1591,cg01933245,
1592,cg26056527,SLC29A2
1593,cg12737520,
1594,cg26162108,HOXC4
1595,cg21165027,NKX2-5
1596,cg21210537,MIR769
1597,cg23933339,CGNL1
1598,cg04197086,
1599,cg20773033,PDGFB
1600,cg07837161,FAM3A
1601,cg26464411,NR3C1
1602,cg06279276,B3GNT9
1603,cg17414508,ARTN
1604,cg06750292,SHISA4
1605,cg08605442,
1606,cg01055931,FLNA
1607,cg08995871,DUPD1
1608,cg20554397,PDCD6
1609,cg26157579,PLEKHO2
1610,cg03901281,SLC6A3
1611,cg16715953,
1612,cg24594224,COL11A2
1613,cg03122722,
1614,cg06221695,MPV17
1615,cg10101143,
1616,cg02962647,
1617,cg02228160,HMHB1
1618,cg06163701,PCBP4
1619,cg18311678,PCDH21
1620,cg08740010,
1621,cg25248174,
1622,cg27202037,ADAMTS8
1623,cg04747634,HYDIN
1624,cg23968154,CACNG4
1625,cg27166177,
1626,cg21584430,C22orf45
1627,cg10329874,PC
1628,cg26174454,
1629,cg22575379,NUDT16P
1630,cg15410418,PDE4D
1631,cg09648702,
1632,cg09520126,LOC154822
1633,cg07525420,EBF3
1634,cg03909886,
1635,cg24170090,MPRIP
1636,cg17454234,RABL5
1637,cg15863539,SREBF1
1638,cg04106389,DLG4
1639,cg14519664,MLLT3
1640,cg11338178,
1641,cg21720265,MICB
1642,cg02066277,
1643,cg03439719,
1644,cg16717122,SCG3
1645,cg08278648,MYO18A
1646,cg12701571,ASB1
1647,cg04569313,
1648,cg19165249,MIB2
1649,cg02708922,ADI1
1650,cg18125846,
1651,cg25398223,
1652,cg15073666,
1653,cg16960758,NOSTRIN
1654,cg11536940,PGCP
1655,cg09813145,
1656,cg13354679,EYA4
1657,cg08558886,
1658,cg21443659,
1659,cg02276665,CTNNA1
1660,cg01506766,ZC3H13
1661,cg10001219,
1662,cg27162881,USO1
1663,cg07092212,DGKZ
1664,cg15584790,HLA-F
1665,cg13945567,FAM160A1
1666,cg16460699,DHX36
1667,cg11888738,LOC100130872
1668,cg16705273,SETBP1
1669,cg05373251,
1670,cg03157283,MRPL23
1671,cg13950905,SRPK2
1672,cg14209487,SYNE1
1673,cg20626045,RASSF4
1674,cg24107411,PLXNA1
1675,cg14014627,C7orf51
1676,cg12951726,SLC24A6
1677,cg22507535,KIF3A
1678,cg19642433,C12orf56
1679,cg17309464,ZNF565
1680,cg05506103,
1681,cg27658304,
1682,cg02243437,SLC16A9
1683,cg10561472,ZBTB7A
1684,cg04044502,RTKN2
1685,cg11717930,TSPYL2
1686,cg20526205,SHFM1
1687,cg10928466,DOCK6
1688,cg12699648,SPATA13
1689,cg03059876,ARFGAP1
1690,cg07492281,ADAP1
1691,cg16998213,METRN
1692,cg21711075,
1693,cg12671565,CACNA2D4
1694,cg25400422,GPS1
1695,cg16986238,MSN
1696,cg24171938,C17orf61
1697,cg09391949,JPH3
1698,cg07681834,
1699,cg11413443,FGA
1700,cg12544557,KRT12
1701,cg26780581,
1702,cg04236786,ANK1
1703,cg24431966,P4HB
1704,cg19134728,JAKMIP3
1705,cg10509880,DECR2
1706,cg07559303,
1707,cg07027457,CBFA2T3
1708,cg14643390,
1709,cg01338296,UBE2H
1710,cg03041046,SPRYD3
1711,cg04903884,
1712,cg21716266,C6orf201
1713,cg19621271,ADM2
1714,cg12126990,AFF3
1715,cg21654359,P2RX3
1716,cg27004669,
1717,cg17076635,
1718,cg15477600,SDF2L1
1719,cg09241097,LAMA2
1720,cg06471536,PREP
1721,cg00878630,COPS7B
1722,cg24911827,CLTCL1
1723,cg05920870,PCOLCE
1724,cg07670188,
1725,cg07191657,MIR1265
1726,cg13806356,KCNT1
1727,cg27279991,AP3B2
1728,cg03597940,DOHH
1729,cg22512367,
1730,cg22273555,
1731,cg10725768,RPS13
1732,cg14928882,R3HDM1
1733,cg18133905,HIF1AN
1734,cg14570121,ERCC2
1735,cg19014664,BRD9
1736,cg06594008,MKL1
1737,cg10807750,
1738,cg03148373,KLHL17
1739,cg13494498,TUBB3
1740,cg09941851,PDE6B
1741,cg16041090,MIR548F5
1742,cg15310873,C20orf85
1743,cg00690082,STAT5A
1744,cg08572535,SLC43A1
1745,cg22691028,NCOR2
1746,cg12938128,NRXN2
1747,cg13245983,LGTN
1748,cg15948836,LDLRAD3
1749,cg04592144,
1750,cg03103143,
1751,cg03602288,HOXB3
1752,cg26898077,TCIRG1
1753,cg03512098,KCNQ1
1754,cg19590470,LOC339240
1755,cg13198594,DDX60
1756,cg13911501,TRAPPC9
1757,cg11905407,CASP5
1758,cg25677688,TAS2R19
1759,cg18876623,PPP1R13B
1760,cg11637721,KAT5
1761,cg18034299,ERGIC1
1762,cg14864782,APPL2
1763,cg05037168,
1764,cg06494642,ELMO3
1765,cg17610889,
1766,cg06518763,TMEM88
1767,cg13879047,GRB10
1768,cg01438145,WDR37
1769,cg13033938,IP6K1
1770,cg13200188,OSBPL5
1771,cg23834812,DNAH17
1772,cg12949547,
1773,cg18876270,
1774,cg08699270,LRP1
1775,cg07906193,
1776,cg14545975,RXRA
1777,cg20196910,DCAF17
1778,cg10422233,C14orf73
1779,cg04490113,ST6GALNAC3
1780,cg09619786,RPP25
1781,cg09122999,POU6F2
1782,cg13243329,ATF3
1783,cg27495769,C3orf59
1784,cg18503742,YLPM1
1785,cg20968595,OPCML
1786,cg17858328,GFI1
1787,cg00479885,FAM127B
1788,cg23950157,COL1A1
1789,cg04890237,MMEL1
1790,cg12187049,MCCC2
1791,cg03174768,LIMCH1
1792,cg12700283,TNRC6C
1793,cg17426166,
1794,cg21241675,
1795,cg18072687,CD81
1796,cg22291265,SHANK1
1797,cg09246043,WDR89
1798,cg06003267,
1799,cg23498394,
1800,cg05080409,
1801,cg24482544,VANGL2
1802,cg18445088,CACNA1I
1803,cg22697045,MYBPC3
1804,cg06093038,CEP135
1805,cg19980718,SNCAIP
1806,cg20617669,C1orf86
1807,cg01034737,
1808,cg00473639,KIRREL3
1809,cg00342313,NHP2L1
1810,cg13859108,POM121C
1811,cg22806908,DCP1A
1812,cg24226590,OSBPL5
1813,cg23933044,C5orf42
1814,cg06129498,KCNK4
1815,cg24129626,CD300LG
1816,cg24254842,HIVEP3
1817,cg20384683,STAMBPL1
1818,cg14212850,HRNBP3
1819,cg00755588,C9orf172
1820,cg22884440,ASAP1
1821,cg27222785,
1822,cg23860422,C4orf49
1823,cg00473769,ZFPM1
1824,cg12278474,
1825,cg06347943,
1826,cg10852662,ZNF311
1827,cg00244776,VARS2
1828,cg17510997,RRM1
1829,cg20064106,LOC100130691
1830,cg19711800,ERI3
1831,cg22409504,ABCF1
1832,cg07159958,ATL1
1833,cg03686027,CABP4
1834,cg22143809,
1835,cg23483081,ZNF516
1836,cg04295144,ICAM5
1837,cg05042743,TMEM216
1838,cg03776775,MRPL23
1839,cg04041942,INTS9
1840,cg05694021,
1841,cg26090940,SLC16A7
1842,cg25993248,RNF130
1843,cg14202478,
1844,cg22799499,COL9A2
1845,cg07147218,EIF1AD
1846,cg01927162,KIAA0922
1847,cg10172068,TRPM5
1848,cg06528559,LOC100132215
1849,cg02835734,PPP1CB
1850,cg17528648,OSMR
1851,cg19400520,
1852,cg17832212,TMEM54
1853,cg00607630,USP7
1854,cg09264330,YJEFN3
1855,cg26045434,HR
1856,cg13823585,PHF1
1857,cg26298814,SUSD5
1858,cg03755872,
1859,cg07875360,NDUFS6
1860,cg04288036,NXF1
1861,cg02103191,NT5C1B
1862,cg23130957,
1863,cg01847344,C21orf29
1864,cg04528819,KLF14
1865,cg14259556,
1866,cg09761915,NDUFS2
1867,cg21593409,IL17C
1868,cg05272349,PRDM6
1869,cg18898125,NEFM
1870,cg05093315,SAAL1
1871,cg07723258,MED24
1872,cg11472521,DLX4
1873,cg06008853,
1874,cg14079705,
1875,cg04043150,
1876,cg05120309,
1877,cg24330746,EVI5L
1878,cg21211866,KIAA1539
1879,cg24954895,PCDHGA4
1880,cg20595453,VPS52
1881,cg09791459,GFOD2
1882,cg18764771,FRK
1883,cg25534953,NEURL3
1884,cg13379827,
1885,cg05556361,RUNX1T1
1886,cg05085682,LRDD
1887,cg26627769,
1888,cg13563334,IL17REL
1889,cg26314722,
1890,cg26143525,
1891,cg15086820,KCNJ14
1892,cg11291003,
1893,cg01864404,VCX3B
1894,cg03069282,
1895,cg08151731,FBN1
1896,cg20999651,FHL1
1897,cg14689532,PNPLA2
1898,cg01215976,SLC2A11
1899,cg20669641,SH3PXD2A
1900,cg16849562,POLE
1901,cg00558737,MFAP3
1902,cg13875986,
1903,cg14195318,MFSD5
1904,cg10483871,
1905,cg10150530,LRMP
1906,cg18333339,
1907,cg14354270,EBP
1908,cg06942183,HOXB2
1909,cg08269742,PIK3R5
1910,cg15121420,RAB17
1911,cg09825030,
1912,cg18564849,
1913,cg25533247,AKAP8L
1914,cg00958334,
1915,cg14326472,DENND1A
1916,cg19493204,WDR19
1917,cg07651720,
1918,cg07304943,TRIM27
1919,cg03605066,
1920,cg25845783,SFT2D1
1921,cg08946014,PEBP1
1922,cg02656959,NBPF3
1923,cg00171192,CECR7
1924,cg24207068,RPTOR
1925,cg22699527,MCF2L
1926,cg21790305,SYNGAP1
1927,cg02492207,MIB2
1928,cg04989440,
1929,cg03951877,PHACTR1
1930,cg24084504,SHISA3
1931,cg16397021,ATP10A
1932,cg09876615,RDBP
1933,cg06525491,
1934,cg13026483,TMEM161A
1935,cg03683946,SH3BP1
1936,cg04193160,OBSCN
1937,cg02235741,UBAC2
1938,cg21122225,
1939,cg09191776,
1940,cg03978498,MIR212
1941,cg08955276,YIPF6
1942,cg02610723,FAM38A
1943,cg26839284,AMPD2
1944,cg06549479,CISD3
1945,cg27310311,
1946,cg21502840,MVK
1947,cg15972125,
1948,cg02566259,
1949,cg19275536,ICK
1950,cg04004558,SOCS1
1951,cg22299097,MINA
1952,cg12304113,COL22A1
1953,cg25658983,SIAH3
1954,cg23903597,MAP3K3
1955,cg03360001,RIBC1
1956,cg09622957,ADAMTSL4
1957,cg24504194,
1958,cg02788637,
1959,cg10163998,
1960,cg17333223,NSA2
1961,cg19289767,ZCCHC4
1962,cg17864091,PRIC285
1963,cg05251861,ARHGAP27
1964,cg05463027,KIF13A
1965,cg13469286,
1966,cg04732968,
1967,cg01252023,CORO1B
1968,cg22556056,TSR1
1969,cg15864074,
1970,cg08266417,AOX1
1971,cg22191803,BCL7A
1972,cg10796568,DNAH10
1973,cg05304393,TELO2
1974,cg25818813,MERTK
1975,cg19892115,MTERFD2
1976,cg02026449,MARVELD3
1977,cg06868473,SHMT2
1978,cg11024522,MUC2
1979,cg02022491,METT10D
1980,cg04043957,TNNI2
1981,cg02488934,
1982,cg12419308,AMIGO1
1983,cg02815320,HIPK2
1984,cg16990174,RYBP
1985,cg01087129,EPO
1986,cg01338864,C6orf25
1987,cg00296005,
1988,cg27314669,NTRK1
1989,cg20294940,
1990,cg08151809,PRKAG2
1991,cg03236802,TNXB
1992,cg02973469,TIRAP
1993,cg03331300,STK39
1994,cg24434098,
1995,cg14141459,SRPK2
1996,cg16788831,
1997,cg05053440,
1998,cg20426710,ZBED4
1999,cg05140806,SHH
2000,cg01970496,
2001,cg05308645,CHRD
2002,cg10216498,TH1L
2003,cg15648444,STK3
2004,cg25624887,CDCP1
2005,cg17042098,
2006,cg08644045,DOK7
2007,cg01878435,CD86
2008,cg19170930,
2009,cg07803733,THBS2
2010,cg04919811,RPTOR
2011,cg13987674,GRHL3
2012,cg03791159,
2013,cg26842024,KLF2
2014,cg08392125,
2015,cg01881287,
2016,cg16218721,HOXD4
2017,cg01055824,CCDC88C
2018,cg15722679,SIRPG
2019,cg01161376,
2020,cg17014757,CHI3L1
2021,cg13827677,SET
2022,cg09890213,GRASP
2023,cg09258993,FLJ37307
2024,cg12663490,
2025,cg15969203,MUC6
2026,cg23008153,RNF180
2027,cg08644498,
2028,cg04050850,STK36
2029,cg21752357,RGPD1
2030,cg09365094,PTPRN2
2031,cg02402091,ACSL5
2032,cg07355551,ZNF343
2033,cg20119745,RNF39
2034,cg23198902,
2035,cg27454894,APRT
2036,cg13491724,OR1B1
2037,cg21367838,STAU1
2038,cg26725076,EP400NL
2039,cg23235460,LPP
2040,cg24738924,GLI2
2041,cg22276896,CXCL17
2042,cg27151122,
2043,cg03801043,
2044,cg04322344,MRPL3
2045,cg16537129,MAPKAPK3
2046,cg01588546,GPX4
2047,cg19738812,ZKSCAN5
2048,cg09461728,C19orf40
2049,cg13153661,TOP1MT
2050,cg05404236,IRS2
2051,cg25222252,WEE1
2052,cg02699829,TRMT1
2053,cg03055693,LAMA5
2054,cg16849020,ZNF763
2055,cg24418941,
2056,cg04257388,RSU1
2057,cg09965384,SP6
2058,cg14372466,TGIF1
2059,cg22358580,HOXC4
2060,cg12279419,
2061,cg07755653,STX11
2062,cg03655016,
2063,cg22136749,
2064,cg03545227,PTPRN
2065,cg22047282,EMILIN1
2066,cg11710595,
2067,cg27209729,NRXN2
2068,cg04792352,
2069,cg13762691,CECR2
2070,cg07875146,
2071,cg11485154,
2072,cg08957733,
2073,cg17480368,
2074,cg21540810,ZNF83
2075,cg24798047,GOLT1A
2076,cg22397944,PSMD13
2077,cg17718276,TMEM132D
2078,cg05257086,
2079,cg03207915,MAN1A1
2080,cg04221388,ODZ2
2081,cg17590710,COL23A1
2082,cg02611085,KCP
2083,cg27250236,C6orf138
2084,cg03446165,MMP25
2085,cg21882650,AP1B1
2086,cg12799170,TRAF5
2087,cg03771840,TRIM15
2088,cg02548407,
2089,cg11606444,SORL1
2090,cg04565337,
2091,cg12705693,TRIP13
2092,cg13081213,SKAP2
2093,cg14354024,UBAC1
2094,cg20012601,MAML3
2095,cg27479937,TMEM106B
2096,cg04981885,F11R
2097,cg25218793,RGS12
2098,cg01557798,OBSCN
2099,cg23994468,
2100,cg19219435,BRD4
2101,cg09285095,LOC100271722
2102,cg00375589,ANKRD28
2103,cg06714480,NEUROD1
2104,cg03443986,
2105,cg00527825,LOXL1
2106,cg20533955,PCM1
2107,cg01304182,ZNF48
2108,cg00994629,
2109,cg24255324,
2110,cg01692279,
2111,cg25080322,PARD3B
2112,cg03746976,C16orf57
2113,cg11996632,EXOSC6
2114,cg13526642,AKAP2
2115,cg14792845,MICAL2
2116,cg26965547,TRIM65
2117,cg17744158,TMOD2
2118,cg08710238,CDK16
2119,cg03885664,BBS2
2120,cg21101226,ACCN3
2121,cg19769520,PXDN
2122,cg01031319,RPS6KL1
2123,cg06968752,
2124,cg12810297,
2125,cg08362486,PPL
2126,cg23832497,C6orf170
2127,cg13278478,PHKG1
2128,cg23531640,ETS1
2129,cg27227100,RRP9
2130,cg19635712,EPB41L4B
2131,cg14472551,C11orf41
2132,cg24038058,FOXC1
2133,cg04293489,DEFB133
2134,cg01481159,
2135,cg25191041,
2136,cg25939861,CD8A
2137,cg18480715,
2138,cg12037305,BACH2
2139,cg08162803,TCIRG1
2140,cg19486507,CABP2
2141,cg00626386,
2142,cg02333352,SLC12A7
2143,cg22976832,
2144,cg01775897,DPF3
2145,cg27275698,CHRM5
2146,cg21620139,C6orf25
2147,cg18431579,PAGE2B
2148,cg19250579,
2149,cg05210612,
2150,cg25860465,
2151,cg03217528,CCDC110
2152,cg13039251,PDZD2
2153,cg19990723,
2154,cg18087326,GPX7
2155,cg25062778,
2156,cg11613243,CCNE1
2157,cg11945824,PRRT1
2158,cg18713028,
2159,cg01942816,MIR589
2160,cg11444135,GPRC5C
2161,cg19411729,CCL5
2162,cg19854896,TSC22D3
2163,cg22559426,
2164,cg15927865,NFKB2
2165,cg07578695,SLC34A2
2166,cg10032375,IQCK
2167,cg22855764,TANC1
2168,cg07739179,NAGS
2169,cg08365982,CAV3
2170,cg19667211,ODZ3
2171,cg14363932,C21orf29
2172,cg11491056,EIF1
2173,cg09566237,PIGG
2174,cg08345719,TCAP
2175,cg00184953,PSORS1C3
2176,cg19036075,LOXL1
2177,cg01222316,HRNBP3
2178,cg12718440,MORN4
2179,cg03664992,BMP8A
2180,cg24718015,STAT3
2181,cg25140657,
2182,cg21120786,SKAP2
2183,cg12193929,PCDHA6
2184,cg22014770,UPB1
2185,cg17614939,PCDHGA2
2186,cg10628465,TUBGCP2
2187,cg12908107,AP1B1
2188,cg10437839,PPP2R5B
2189,cg13566430,IL13
2190,cg23632752,LOC100133612
2191,cg05375487,GALNT11
2192,cg26894354,FMOD
2193,cg26035489,ZMAT5
2194,cg27599783,RASSF4
2195,cg00716277,PTPRN2
2196,cg17207590,APH1B
2197,cg02701080,SIM2
2198,cg14663967,
2199,cg23754320,
2200,cg11667387,CNNM2
2201,cg13547237,C11orf68
2202,cg13219604,VIPR2
2203,cg00182256,
2204,cg11769966,LOC100134713
2205,cg01617933,CHN2
2206,cg13073870,TMCC2
2207,cg01555014,LOC100128071
2208,cg19350197,HLA-DOB
2209,cg25835936,FRMD4B
2210,cg11152454,TRNP1
2211,cg16758598,GSTCD
2212,cg26681081,POLR2I
2213,cg09996344,KCTD7
2214,cg26114300,NCRNA00171
2215,cg13520525,PTK6
2216,cg03947199,RWDD2A
2217,cg19735698,KLHL29
2218,cg20018782,
2219,cg05814027,
2220,cg15681038,ZNF529
2221,cg00249522,
2222,cg16459491,AVL9
2223,cg01447254,ANO9
2224,cg04158367,GFI1
2225,cg01799338,EIF2C1
2226,cg02244386,GRB14
2227,cg06722282,CALHM2
2228,cg24983105,SLC4A8
2229,cg06226150,SLC2A4RG
2230,cg26343883,
2231,cg20306694,BIN2
2232,cg15236035,CACNA1G
2233,cg11885433,
2234,cg24199384,MIPEP
2235,cg00547480,LDB1
2236,cg16210842,
2237,cg01176433,
2238,cg09167828,C2orf50
2239,cg00233779,PMEPA1
